id,a,b
0,32.06826,29.931516
1,33.064735,30.125749
2,33.323485,29.692417
3,33.240111,30.67578
4,33.00953,30.646528
5,32.1628,30.614815
6,31.895543,30.194479
7,33.808108,30.818357
8,31.705407,30.482729
9,33.110262,30.08256
10,32.443617,30.390472
11,32.460288,30.569751
12,33.098129,31.317398
13,32.410057,29.889296
14,32.297525,29.657658
15,32.491004,30.750999
16,32.940638,30.23007
17,33.148739,31.16764
18,33.407546,30.380031
19,33.978832,30.007011
20,32.387773,30.651267
21,33.735035,30.709832
22,32.435077,30.989986
23,31.882006,30.373695
24,32.771912,31.310591
25,33.810852,31.175813
26,33.830654,30.198836
27,33.275411,30.602951
28,33.687847,30.940655
29,31.932338,30.737727
30,32.459062,29.946571
31,33.153461,31.208789
32,33.663901,30.099562
33,33.88467,30.916064
34,32.327018,29.713989
35,33.12693,29.952839
36,32.250165,31.042163
37,32.330605,29.93331
38,33.039403,31.01895
39,32.346897,30.623449
40,33.948631,30.263021
41,32.584574,30.46646
42,31.793139,30.519165
43,33.38205,31.344978
44,32.712306,30.608902
45,32.954502,29.831136
46,32.414905,30.017838
47,33.385105,31.395502
48,33.970892,30.923135
49,32.523208,30.646641
50,32.69522,30.790842
51,32.724953,31.191312
52,32.836587,30.013373
53,32.837653,30.562069
54,33.464398,31.038457
55,32.396128,30.181844
56,33.405152,30.056296
57,32.379271,31.428068
58,33.408855,29.630626
59,33.891607,31.125751
60,34.08577,30.376643
61,32.31018,30.877277
62,32.281277,29.94117
63,31.850734,30.682497
64,33.298337,30.215098
65,33.024336,30.118483
66,32.309518,31.279217
67,32.801283,30.919605
68,33.230415,30.90829
69,32.844471,31.304763
70,33.205769,31.428975
71,32.259039,29.728458
72,32.642266,31.417586
73,33.93306,29.921024
74,33.706628,30.706709
75,33.814828,30.570209
76,33.192887,30.472734
77,32.144738,30.541378
78,32.582732,30.091249
79,33.804704,30.606925
80,32.943379,29.538896
81,33.84078,30.025902
82,33.000391,30.162721
83,32.50538,29.584369
84,32.942226,31.006679
85,32.430255,29.743841
86,32.221292,29.917129
87,32.738544,29.469865
88,31.829805,30.697993
89,33.054625,30.698695
90,33.496051,30.060301
91,33.04637,29.707468
92,32.606811,29.43886
93,32.455408,30.941679
94,33.065723,30.235472
95,33.394463,31.347884
96,33.861526,31.086104
97,31.968106,30.299484
98,33.331322,30.996456
99,32.364931,29.921213
100,32.501149,30.602583
101,32.168802,30.627404
102,32.104303,30.707408
103,33.347695,30.212846
104,33.477861,30.687584
105,32.336684,31.204908
106,32.058308,30.378413
107,32.693405,30.552902
108,33.018296,30.961722
109,32.082363,30.661871
110,33.431193,30.736466
111,32.864842,30.827434
112,33.143532,29.82069
113,32.630006,31.110184
114,32.982752,30.117201
115,33.497721,29.797402
116,32.833918,29.794932
117,32.951664,31.32205
118,32.086682,31.063533
119,33.806559,30.547762
120,32.838289,31.206162
121,32.00039,30.018636
122,32.965588,31.403345
123,33.18243,29.772639
124,33.488527,30.176479
125,32.827196,31.319828
126,32.57988,31.244852
127,33.615032,30.834037
128,32.515175,31.310079
129,33.25343,30.59473
130,33.745231,30.705716
131,32.587128,29.959297
132,32.148913,30.529891
133,33.136087,30.759672
134,31.900131,30.086362
135,33.726573,30.825229
136,33.153081,29.971123
137,33.589262,30.316107
138,32.012287,30.293866
139,32.66906,30.794866
140,32.353067,30.766464
141,32.346952,30.658626
142,32.629873,30.507196
143,32.541988,30.757126
144,32.722342,31.203298
145,32.690473,30.32094
146,33.337299,30.422097
147,32.437157,30.572472
148,33.908003,30.29966
149,32.474264,29.94236
150,32.813691,30.153123
151,32.430169,31.003051
152,32.969627,30.167299
153,32.384064,30.341855
154,33.300646,29.585437
155,33.367295,30.530675
156,32.54957,30.543828
157,32.896841,30.503033
158,32.178878,30.755383
159,33.459139,29.611393
160,32.076097,30.076602
161,33.072726,30.968679
162,32.448618,31.046927
163,32.228989,30.643633
164,33.199501,30.050404
165,32.367453,29.838105
166,32.696503,31.342103
167,32.470201,31.194988
168,33.946287,30.388709
169,33.192184,30.382859
170,32.447395,30.153092
171,33.78831,29.973272
172,32.486687,31.151407
173,32.559899,30.349362
174,33.911052,30.717588
175,33.563196,30.848109
176,32.816067,29.895045
177,33.204173,29.57426
178,32.467799,31.250388
179,33.561457,30.571366
180,33.664579,30.576598
181,31.861039,30.823028
182,32.336509,31.03311
183,32.739765,29.971118
184,32.901707,30.448718
185,32.817698,29.945397
186,32.984718,31.164266
187,32.353336,30.5367
188,32.957372,29.679973
189,32.708106,31.348442
190,33.243724,29.982735
191,32.645461,30.786623
192,32.659033,31.215452
193,32.282014,30.789537
194,33.509119,29.989341
195,32.647442,30.324476
196,33.009507,30.720249
197,32.160944,29.93735
198,32.154288,29.965539
199,33.078052,30.6899
200,32.665517,30.801069
201,33.79412,30.548338
202,32.293487,30.954686
203,33.462187,30.082537
204,32.530314,30.023644
205,32.474519,30.004956
206,32.380832,29.887348
207,33.151681,31.198489
208,33.803138,30.959712
209,33.13286,30.880074
210,32.733113,31.090369
211,33.304613,30.521295
212,32.585501,31.015661
213,33.308267,30.381424
214,32.931812,31.330602
215,33.50353,31.108361
216,32.965855,30.731028
217,33.175714,31.039244
218,32.100642,30.415767
219,32.613162,30.101032
220,33.673497,30.621115
221,33.074957,29.795735
222,33.143604,30.167981
223,33.547035,30.28503
224,32.934499,30.940848
225,33.122085,30.810961
226,33.04518,31.118188
227,32.394858,30.417049
228,33.285373,29.728451
229,33.268395,30.201394
230,31.979732,30.627843
231,33.703006,30.784222
232,33.027925,31.146751
233,33.46438,31.249084
234,32.630726,30.170169
235,32.55734,30.982254
236,33.11381,30.414349
237,32.46054,30.872477
238,33.75463,29.94272
239,32.255299,30.726475
240,32.421029,30.038242
241,33.68486,30.897328
242,33.360185,30.404515
243,32.31749,30.449382
244,32.665755,30.05767
245,32.316246,29.820544
246,32.486219,31.081268
247,32.894057,31.158301
248,33.610314,29.831024
249,33.411302,30.660056
250,32.774247,30.155597
251,32.99168,30.495745
252,32.533844,31.004953
253,32.291557,30.16379
254,32.828305,29.799312
255,32.356022,30.054555
256,32.906314,31.371851
257,33.02368,30.846475
258,32.650915,29.68035
259,33.062764,30.785875
260,33.529885,30.910242
261,33.086688,29.954623
262,33.001483,30.681849
263,32.93715,30.562426
264,32.757179,30.514126
265,32.823876,30.385819
266,33.796054,30.384645
267,32.721432,29.952353
268,32.606956,30.342582
269,32.088116,30.846661
270,33.518148,30.897691
271,33.926134,30.55666
272,33.907733,30.722761
273,32.403519,30.680241
274,33.559366,30.405566
275,33.338058,31.146425
276,33.548379,30.658084
277,32.864938,29.661915
278,33.456548,30.279203
279,32.427937,31.189131
280,33.222398,30.01764
281,32.745729,30.344207
282,33.250763,29.751742
283,32.06681,29.999389
284,32.170866,30.622307
285,33.180573,29.927441
286,32.882352,30.121143
287,32.040974,30.08198
288,33.425493,30.330546
289,33.207556,31.225418
290,32.528605,30.459047
291,32.179939,30.819007
292,32.262167,30.95929
293,32.141226,30.699965
294,33.199789,29.945505
295,33.435755,29.831666
296,33.688895,30.451357
297,33.741276,30.028592
298,32.861414,30.474462
299,33.324315,31.260404
300,33.711088,30.444061
301,33.278327,30.771765
302,32.029578,30.466812
303,33.335339,29.926882
304,33.431562,30.7462
305,33.170422,30.956283
306,33.12574,29.949786
307,33.012618,30.561712
308,32.929724,29.928886
309,32.343136,30.815035
310,33.000515,30.557162
311,33.242689,30.945022
312,33.050783,29.767709
313,32.254613,30.239464
314,33.614872,30.529232
315,32.411953,31.151181
316,33.033316,30.67417
317,33.212133,29.755228
318,32.361951,30.288545
319,33.34662,30.52377
320,32.32252,30.470234
321,32.427105,31.014975
322,33.566612,30.039389
323,32.367832,30.213564
324,32.546911,30.019318
325,32.49972,29.785166
326,32.208465,30.07284
327,33.234086,31.216521
328,33.141502,30.420482
329,32.226926,30.246979
330,33.651849,30.425487
331,32.732299,30.731707
332,33.099331,30.903136
333,33.431881,29.876847
334,32.572861,30.862048
335,33.347587,30.125836
336,32.920166,30.69146
337,33.787879,30.190354
338,32.72683,31.016135
339,33.507923,30.505617
340,32.132624,30.730763
341,32.969999,30.505986
342,32.877137,31.157404
343,33.265769,31.131604
344,32.293864,30.754727
345,33.098675,31.264412
346,32.213213,30.749404
347,33.010468,30.491906
348,33.129508,29.819979
349,33.177295,30.29387
350,33.480255,30.544377
351,32.096714,30.565074
352,33.121849,30.182125
353,33.473035,30.547741
354,32.914059,30.550439
355,32.844401,30.51244
356,33.681246,30.912707
357,32.659395,30.207264
358,33.679866,30.066728
359,32.706652,29.95838
360,33.1287,30.975701
361,32.761384,31.191625
362,33.241268,30.179456
363,32.3771,30.709507
364,32.593085,31.23503
365,33.267909,31.200688
366,32.806865,30.019043
367,33.487759,30.747402
368,33.723699,30.255015
369,32.85184,31.143868
370,33.499849,30.50742
371,32.459596,29.835578
372,32.483489,29.965392
373,32.704013,29.801305
374,33.295053,30.013023
375,33.508952,29.872796
376,32.950144,30.173173
377,33.021744,29.908358
378,32.871803,29.767909
379,32.302215,30.936638
380,32.146323,30.683698
381,33.421736,31.089849
382,32.319516,30.708166
383,32.816899,31.165603
384,32.904439,31.153606
385,32.381733,30.129906
386,32.492807,30.711174
387,32.22084,30.954331
388,33.31574,30.578015
389,32.711759,30.399439
390,33.753125,30.587862
391,32.40617,31.043607
392,33.742017,30.325905
393,32.982679,30.450836
394,32.218687,30.319458
395,32.073266,30.477563
396,32.677853,31.183414
397,32.687319,30.527551
398,33.202213,31.166729
399,32.542977,30.531217
400,32.191891,30.451726
401,33.067173,30.717555
402,33.043941,30.979065
403,32.556439,30.090385
404,32.295318,30.826657
405,32.639604,30.781345
406,32.861536,30.946202
407,32.690184,30.040433
408,33.020798,30.287494
409,32.247634,30.153835
410,33.12614,30.66202
411,33.421691,30.953267
412,32.805572,30.726803
413,33.075975,30.42
414,33.010825,29.938073
415,33.220322,30.729064
416,32.491306,30.247199
417,32.589201,30.432936
418,33.431686,30.300353
419,32.441479,29.967343
420,33.299364,29.899125
421,32.241999,30.658038
422,33.324488,30.066178
423,32.795265,31.062411
424,32.956814,30.539854
425,32.16722,30.441089
426,33.126015,29.912609
427,32.639934,30.144546
428,32.517609,30.549705
429,33.347219,29.9206
430,32.633161,31.118452
431,33.509963,30.552446
432,33.072361,29.920382
433,33.077253,30.168193
434,32.989859,30.806848
435,33.472235,30.654291
436,33.325662,30.704898
437,33.665551,30.75161
438,32.645876,29.916472
439,32.512988,29.873894
440,32.49871,30.451531
441,33.464295,30.494734
442,33.134935,30.818525
443,33.405961,30.127004
444,33.395238,30.844664
445,32.896034,29.984265
446,33.048435,31.084023
447,32.985928,30.682809
448,32.397545,30.33641
449,32.823108,30.263731
450,33.120506,30.876608
451,32.341782,30.767987
452,33.470147,30.627316
453,33.531881,30.188101
454,32.911095,30.540611
455,32.8781,29.834798
456,32.645218,30.579763
457,33.162369,30.324373
458,33.351444,30.23479
459,32.511378,30.045694
460,32.716907,30.045396
461,32.637823,29.899081
462,33.375719,30.770977
463,32.328696,30.716434
464,32.715485,30.921284
465,33.350803,30.005566
466,32.407268,29.957305
467,32.582517,30.490817
468,32.504147,29.967419
469,32.518869,30.096982
470,32.364271,30.548052
471,33.545104,30.128467
472,32.390046,30.671846
473,32.537077,30.579796
474,33.088956,30.549391
475,33.136635,29.947801
476,32.712698,30.868407
477,32.27016,30.620849
478,32.852575,30.232068
479,32.720659,30.813396
480,33.205655,30.235826
481,33.472244,30.101081
482,33.032077,30.462973
483,32.117816,30.503266
484,33.074473,31.171312
485,33.325795,30.370864
486,33.129813,30.692044
487,32.551521,30.872496
488,32.530088,30.20155
489,33.014831,30.482593
490,32.474731,30.001909
491,32.829514,30.634094
492,32.914747,31.126524
493,32.44336,30.757916
494,32.614069,30.562831
495,32.67927,30.621631
496,32.464403,29.963067
497,33.150808,30.815918
498,32.5397,30.067787
499,32.71675,30.525554
500,33.005175,30.682565
501,33.238718,30.731598
502,32.488152,30.897536
503,32.213863,30.427956
504,32.790382,30.336271
505,33.384686,30.890532
506,33.396679,30.062318
507,32.498747,30.774971
508,32.492192,30.047184
509,33.261206,30.368687
510,32.28115,30.224532
511,33.237089,30.399858
512,33.030627,30.395533
513,33.457407,30.75073
514,33.305025,30.357663
515,32.406225,30.360408
516,32.545322,30.343679
517,33.573616,30.614947
518,33.223442,30.264463
519,33.147382,30.746818
520,32.655068,30.810779
521,33.088505,30.875648
522,33.177059,30.210565
523,33.332458,30.151983
524,33.191558,31.03874
525,32.807733,29.986764
526,33.502648,30.297673
527,32.868518,30.50805
528,33.262516,30.10823
529,33.027324,30.591864
530,32.596338,30.921509
531,33.305021,30.080386
532,32.798849,30.652644
533,32.970386,30.149565
534,33.336561,30.582017
535,32.651087,30.365907
536,32.596724,30.488
537,32.749448,31.019308
538,32.467819,30.964596
539,32.497852,30.070247
540,32.512366,30.716959
541,33.044085,29.942716
542,33.232178,30.597651
543,33.478429,30.590359
544,32.929441,30.676151
545,32.233306,30.550327
546,32.663434,30.883918
547,32.987422,30.347237
548,33.415036,30.21133
549,33.226321,30.948461
550,32.504657,30.606048
551,32.381509,30.69995
552,33.097817,30.398138
553,32.40179,30.182683
554,33.240146,30.103035
555,32.453544,30.327401
556,32.854643,30.390996
557,32.668995,30.505876
558,33.098472,30.063516
559,32.81201,29.963058
560,32.963494,30.578349
561,32.379288,30.250044
562,33.468465,30.708156
563,32.79213,30.061184
564,33.294037,30.873915
565,33.268065,31.01264
566,32.771494,30.222596
567,33.501469,30.795628
568,33.416391,30.738349
569,33.135673,30.683687
570,33.085107,31.050927
571,32.423759,30.09023
572,32.617862,30.054168
573,33.513334,30.403376
574,32.290515,30.271561
575,32.635002,30.881453
576,32.607689,30.258034
577,32.675412,30.720448
578,32.288278,30.720638
579,33.07919,30.457611
580,32.751382,30.78725
581,33.37123,30.175952
582,33.167054,30.997758
583,32.531417,30.729558
584,32.698773,30.26223
585,32.524877,30.278971
586,32.962409,30.599772
587,33.578553,30.689373
588,33.441788,30.551073
589,32.959649,30.497216
590,33.467247,30.231553
591,32.694954,30.252684
592,32.301437,30.605276
593,32.749181,30.881937
594,32.574421,30.301266
595,32.784384,30.322439
596,33.580485,30.591025
597,32.506708,30.50211
598,32.93317,30.646283
599,32.923905,31.09696
600,33.235095,30.452655
601,32.445609,30.332749
602,33.083885,30.490968
603,32.88831,30.78043
604,32.902066,30.601681
605,33.339087,30.811006
606,33.09266,30.333107
607,32.557886,30.613472
608,33.145124,30.241381
609,32.43304,30.691085
610,33.488146,30.699467
611,32.851685,30.690379
612,32.801604,30.100932
613,32.772321,30.070212
614,33.37133,30.571765
615,33.073399,30.390741
616,33.030988,30.117735
617,32.586591,30.439333
618,32.549549,30.139643
619,33.146986,30.725065
620,33.48844,30.666712
621,32.852169,30.667934
622,32.77026,30.721897
623,32.368733,30.615787
624,32.898389,30.110266
625,32.643537,30.112681
626,33.375616,30.173871
627,33.159794,30.275844
628,32.494173,30.395326
629,32.99602,30.186657
630,32.829308,30.139149
631,32.6083,30.095966
632,33.094436,30.966128
633,33.186474,30.182248
634,33.470712,30.738509
635,33.159089,30.262018
636,32.388922,30.456268
637,32.570494,30.70838
638,33.366889,30.578321
639,32.600602,30.92715
640,32.473956,30.277747
641,32.789712,30.966266
642,32.958268,30.704889
643,32.815052,30.569887
644,32.707893,30.229395
645,32.598701,30.860727
646,33.340328,30.777544
647,32.615826,30.909707
648,32.705389,30.764418
649,32.755433,30.899053
650,32.513158,30.138174
651,32.752906,30.27967
652,32.748991,30.746724
653,32.586448,30.296481
654,32.664641,30.710996
655,33.07543,30.998704
656,33.391161,30.765783
657,32.397768,30.59926
658,32.618817,30.170552
659,33.057567,30.904876
660,32.633388,30.95627
661,33.029893,30.573425
662,33.495029,30.540061
663,33.09839,30.27516
664,32.865357,30.729629
665,33.234298,30.698563
666,32.969328,30.658559
667,33.182379,30.018879
668,33.320818,30.147371
669,32.959101,30.67334
670,32.567119,30.56922
671,32.656441,30.224077
672,33.250316,30.623024
673,32.682703,30.277176
674,33.122915,30.537562
675,32.951915,30.837076
676,33.045113,30.769527
677,32.556874,30.33524
678,33.267374,30.416049
679,33.404346,30.322385
680,32.744086,30.004338
681,33.021177,30.210443
682,33.248757,30.040556
683,32.944074,30.420846
684,33.319847,30.507726
685,33.427249,30.797305
686,33.432239,30.472685
687,33.507068,30.449564
688,33.441096,30.211906
689,33.366614,30.396449
690,32.543924,30.788756
691,33.185215,30.402013
692,33.051029,30.923589
693,32.714406,30.499472
694,32.736599,30.117145
695,33.016856,30.116673
696,33.118098,30.572628
697,33.071985,30.926988
698,33.439053,30.398006
699,33.217613,30.674131
700,32.450449,30.471747
701,33.301129,30.268666
702,33.213943,30.769078
703,32.981741,30.479351
704,32.886126,30.767303
705,32.660278,30.137614
706,32.724021,30.827853
707,32.597386,30.562068
708,32.919768,30.823729
709,33.126462,30.621224
710,33.393116,30.469674
711,32.934564,30.057465
712,32.966153,30.733021
713,32.712679,30.080138
714,32.723804,30.441914
715,32.508001,30.446327
716,32.809169,30.76775
717,32.995228,30.402104
718,32.731285,30.358246
719,33.297993,30.569008
720,32.70058,30.414756
721,32.604437,30.674065
722,33.222482,30.800516
723,32.868864,30.122231
724,33.050993,30.34619
725,32.854827,30.816557
726,32.596072,30.407128
727,33.232117,30.547791
728,32.746397,30.903527
729,32.68822,30.878746
730,33.069292,30.225377
731,33.321538,30.758432
732,32.664653,30.682679
733,32.864095,30.193427
734,32.99364,30.341159
735,33.002906,30.363151
736,33.386084,30.445242
737,32.688534,30.129381
738,33.429096,30.445654
739,33.216984,30.356116
740,32.887345,30.84255
741,32.849096,30.282101
742,32.738903,30.443277
743,32.619043,30.244672
744,32.883521,30.873657
745,32.838831,30.823958
746,32.997544,30.303646
747,32.608005,30.237068
748,33.320151,30.619181
749,32.966452,30.677318
750,33.205348,30.589697
751,32.915885,30.511956
752,33.32685,30.766897
753,32.631595,30.812538
754,33.139358,30.287922
755,33.260491,30.689795
756,33.067631,30.218602
757,33.060361,30.493297
758,33.039349,30.881712
759,33.021961,30.610879
760,33.016948,30.503922
761,32.715806,30.213411
762,32.654089,30.339413
763,33.127268,30.567784
764,33.004504,30.605113
765,33.226918,30.179788
766,33.238865,30.778674
767,32.854604,30.393148
768,32.593514,30.805593
769,32.711211,30.18239
770,32.65711,30.433644
771,33.325357,30.354775
772,33.165919,30.669985
773,32.96787,30.736277
774,32.754543,30.345432
775,33.057631,30.898961
776,32.801505,30.1429
777,32.462001,30.372783
778,32.56462,30.503057
779,33.237794,30.7955
780,32.809455,30.858244
781,32.766204,30.5587
782,33.006623,30.79039
783,32.968484,30.893176
784,33.384159,30.36951
785,33.161667,30.290278
786,32.84043,30.461272
787,32.804181,30.915442
788,33.034949,30.777315
789,32.934197,30.428944
790,32.808234,30.788586
791,33.408252,30.344354
792,33.188767,30.219911
793,32.660956,30.621834
794,33.034219,30.049936
795,32.766933,30.333409
796,33.050762,30.471947
797,32.569138,30.352454
798,33.209208,30.310348
799,33.196222,30.794815
800,32.970232,30.613865
801,33.195726,30.66219
802,32.945191,30.248338
803,33.086081,30.356598
804,32.864528,30.403815
805,32.999481,30.216431
806,32.658937,30.308731
807,32.582436,30.407999
808,33.140633,30.52172
809,33.050893,30.505981
810,33.057266,30.658731
811,32.924796,30.496168
812,33.080912,30.465077
813,32.990583,30.289526
814,33.213067,30.245718
815,33.1087,30.474863
816,33.309096,30.622472
817,33.208947,30.624471
818,32.905019,30.665263
819,32.896202,30.742973
820,32.845455,30.396658
821,32.744724,30.178584
822,33.041596,30.396122
823,32.962933,30.667236
824,32.947543,30.407979
825,32.521865,30.533503
826,32.531306,30.409828
827,33.338071,30.437951
828,32.966569,30.595177
829,33.047359,30.328168
830,32.740087,30.274667
831,32.903179,30.411743
832,32.93922,30.154565
833,32.918466,30.58804
834,33.164917,30.22302
835,32.699617,30.769994
836,32.915141,30.30985
837,32.561102,30.575025
838,33.301955,30.445486
839,32.958099,30.519283
840,32.672956,30.551351
841,32.915128,30.445181
842,32.882178,30.343323
843,32.86596,30.402056
844,32.683662,30.580797
845,33.017081,30.349567
846,32.665042,30.506758
847,32.973378,30.3278
848,32.722268,30.437994
849,33.134486,30.303206
850,33.042234,30.435774
851,32.864157,30.496686
852,32.962102,30.59816
853,32.729613,30.370332
854,32.858535,30.3095
855,33.180127,30.628315
856,32.706025,30.327191
857,32.578969,30.497815
858,32.655037,30.726765
859,32.700594,30.478844
860,32.84648,30.235573
861,32.591903,30.271011
862,32.560307,30.390414
863,32.996762,30.478774
864,32.773766,30.587699
865,32.973652,30.686249
866,33.218285,30.398609
867,33.044989,30.292271
868,32.611941,30.359745
869,33.067243,30.387119
870,33.164146,30.611418
871,32.976225,30.563755
872,32.611244,30.561016
873,32.706925,30.665152
874,33.110296,30.680871
875,33.004552,30.345936
876,33.184356,30.675113
877,33.233798,30.259654
878,32.676216,30.266987
879,33.037976,30.308108
880,33.292908,30.606935
881,32.731243,30.433163
882,33.028537,30.593746
883,32.755657,30.175742
884,33.076035,30.6433
885,32.862484,30.742048
886,32.774655,30.569273
887,32.871559,30.650962
888,32.953784,30.561784
889,32.78378,30.362166
890,32.970669,30.681694
891,32.585229,30.498585
892,33.294404,30.341207
893,32.794118,30.764948
894,33.095302,30.657926
895,32.739676,30.353187
896,33.085302,30.789684
897,32.855721,30.193972
898,33.180638,30.49699
899,32.728777,30.366267
900,32.907892,30.265667
901,32.865481,30.673908
902,33.184596,30.592974
903,32.702309,30.510171
904,32.979562,30.623267
905,32.694345,30.554475
906,32.903285,30.275653
907,32.998809,30.299994
908,32.828521,30.363585
909,33.227795,30.416249
910,33.158586,30.30384
911,32.955436,30.556797
912,33.051479,30.508595
913,32.88014,30.668267
914,32.705667,30.584527
915,32.765398,30.436449
916,32.856619,30.683786
917,33.109015,30.614275
918,33.196976,30.478184
919,33.079012,30.513697
920,32.810989,30.551764
921,32.62432,30.4844
922,32.961639,30.417799
923,33.119975,30.493971
924,32.775274,30.57876
925,32.942341,30.729979
926,32.958723,30.506478
927,32.938046,30.571331
928,33.005906,30.737009
929,32.944279,30.615132
930,32.852356,30.261434
931,32.774893,30.484159
932,33.114003,30.289343
933,32.724413,30.586937
934,32.953077,30.371918
935,32.802917,30.490611
936,33.069533,30.697692
937,32.955573,30.518949
938,32.905243,30.63879
939,32.847094,30.715718
940,33.097922,30.444512
941,32.947906,30.688087
942,32.899718,30.684904
943,33.090728,30.464354
944,33.174214,30.573145
945,33.026194,30.507089
946,32.838421,30.635557
947,32.989757,30.632828
948,33.084143,30.386032
949,32.866537,30.740065
950,32.95347,30.482454
951,33.075992,30.277447
952,32.694918,30.45343
953,32.835866,30.427053
954,33.088923,30.428944
955,33.145822,30.536111
956,32.869988,30.655087
957,32.836171,30.388834
958,32.831016,30.351268
959,32.958841,30.349622
960,32.875902,30.44274
961,32.987589,30.265745
962,32.903953,30.298654
963,32.860124,30.485321
964,32.885665,30.28493
965,33.009709,30.588124
966,33.009207,30.405615
967,32.777492,30.528531
968,32.753165,30.275915
969,32.715633,30.629434
970,32.98078,30.636827
971,33.016664,30.678145
972,33.003932,30.417138
973,32.928535,30.384615
974,32.778207,30.351486
975,32.710911,30.301403
976,32.64623,30.397837
977,33.002129,30.663718
978,33.168178,30.484136
979,32.768109,30.596389
980,33.112422,30.415766
981,32.917248,30.218295
982,32.911599,30.314602
983,32.639065,30.39531
984,32.95555,30.246758
985,33.156199,30.578828
986,33.025571,30.55226
987,32.977934,30.726795
988,33.028942,30.477167
989,32.703834,30.632794
990,32.879206,30.664138
991,33.002658,30.483737
992,33.193489,30.517635
993,32.732636,30.455344
994,32.962661,30.749248
995,32.886318,30.467636
996,32.874876,30.242246
997,33.14641,30.549698
998,32.913953,30.571459
999,32.673572,30.401725
1000,32.814157,30.551684
1001,32.967789,30.535288
1002,32.913056,30.345741
1003,33.041067,30.548004
1004,32.956956,30.464111
1005,32.814756,30.443041
1006,33.020354,30.39993
1007,33.046113,30.378388
1008,32.955973,30.413356
1009,32.755285,30.579493
1010,32.822679,30.46935
1011,32.851064,30.368801
1012,32.773832,30.463791
1013,32.850856,30.448704
1014,32.914192,30.539192
1015,32.777163,30.385768
1016,32.936735,30.318198
1017,33.048284,30.397596
1018,32.843919,30.371095
1019,33.021745,30.502637
1020,33.038838,30.570524
1021,32.788203,30.361029
1022,32.897045,30.469802
1023,32.989093,30.575204
1024,32.778904,30.44672
1025,33.039304,30.517619
1026,32.779756,30.503209
1027,32.801689,30.572875
1028,32.844062,30.348845
1029,32.832632,30.427769
1030,32.795998,30.622439
1031,33.002195,30.371626
1032,32.908366,30.472502
1033,32.982825,30.441794
1034,32.859114,30.475276
1035,32.974962,30.313933
1036,32.924419,30.428095
1037,32.90086,30.405738
1038,32.787869,30.45913
1039,33.016524,30.597684
1040,33.097118,30.535556
1041,33.056217,30.542852
1042,32.987924,30.404749
1043,33.072146,30.415592
1044,33.069327,30.602193
1045,32.92592,30.332883
1046,32.9571,30.507178
1047,32.770258,30.402811
1048,33.057682,30.464478
1049,32.970393,30.502731
1050,32.762157,30.529984
1051,32.882724,30.503916
1052,33.019974,30.417981
1053,33.014196,30.533056
1054,32.787985,30.370613
1055,33.082981,30.539335
1056,33.009696,30.524807
1057,32.982607,30.33238
1058,32.94003,30.514307
1059,32.956153,30.519554
1060,32.933244,30.660174
1061,32.78658,30.373701
1062,33.060843,30.440143
1063,32.923339,30.518337
1064,32.927332,30.345192
1065,32.963545,30.397662
1066,33.059707,30.424608
1067,33.096267,30.458942
1068,32.776838,30.475741
1069,32.802313,30.437538
1070,32.915546,30.46259
1071,32.862675,30.387037
1072,32.832826,30.601604
1073,32.897474,30.346491
1074,32.918052,30.520642
1075,32.937753,30.657904
1076,32.773802,30.516546
1077,32.787068,30.457304
1078,32.887806,30.651718
1079,33.060866,30.522869
1080,32.968604,30.632099
1081,32.872265,30.587062
1082,32.875026,30.48089
1083,33.09094,30.547861
1084,32.946062,30.510008
1085,32.84317,30.604817
1086,32.746371,30.550431
1087,33.094687,30.559956
1088,33.051362,30.61471
1089,32.829558,30.419564
1090,32.994182,30.407863
1091,32.743188,30.514434
1092,32.906627,30.604899
1093,33.079194,30.421119
1094,33.098076,30.579069
1095,32.849604,30.568121
1096,32.945835,30.425506
1097,32.913779,30.633123
1098,33.099915,30.491523
1099,33.000381,30.42862
1100,32.894413,30.523652
1101,32.856749,30.461075
1102,32.95364,30.556371
1103,32.994309,30.493415
1104,32.987599,30.444816
1105,32.967229,30.477854
1106,32.901924,30.471091
1107,33.010497,30.499531
1108,32.98582,30.458582
1109,32.925947,30.562693
1110,32.980192,30.559349
1111,32.911213,30.509831
1112,33.007581,30.48791
1113,32.920366,30.394052
1114,32.866351,30.42543
1115,32.857599,30.426604
1116,32.96426,30.498324
1117,32.966325,30.48534
1118,32.981534,30.501129
1119,32.947594,30.560477
1120,32.953938,30.489754
1121,32.908515,30.504132
1122,32.912625,30.400848
1123,32.8606,30.440447
1124,33.027849,30.488391
1125,32.901253,30.423846
1126,32.905395,30.559322
1127,33.014748,30.494953
1128,32.866579,30.487863
1129,32.932298,30.477933
1130,32.95255,30.562347
1131,32.941885,30.550239
1132,32.975236,30.442369
1133,32.915563,30.458898
1134,32.87963,30.422463
1135,33.020967,30.479451
1136,32.959934,30.455431
1137,32.87046,30.490646
1138,32.947,30.417845
1139,32.971178,30.409489
1140,32.941192,30.528305
1141,33.016706,30.463447
1142,32.933763,30.485663
1143,32.840518,30.485957
1144,32.992864,30.443271
1145,32.932945,30.558197
1146,32.85728,30.447107
1147,32.976251,30.441589
1148,32.972118,30.423696
1149,32.866065,30.483617
1150,32.982667,30.47024
1151,32.913476,30.506345
1152,33.008311,30.487943
1153,32.917882,30.441688
1154,33.008251,30.529535
1155,32.858478,30.460844
1156,32.903244,30.516611
1157,32.845161,30.522755
1158,32.901892,30.565074
1159,33.028094,30.462957
1160,32.923429,30.565339
1161,32.898827,30.505901
1162,33.018384,30.496735
1163,33.019187,30.481279
1164,32.89665,30.428759
1165,32.993045,30.481607
1166,32.960546,30.534385
1167,32.87334,30.499272
1168,32.856771,30.446826
1169,32.90173,30.4188
1170,32.934366,30.407485
1171,32.890773,30.479676
1172,32.952486,30.524514
1173,32.956574,30.527431
1174,32.952133,30.486589
1175,32.987498,30.496636
1176,32.89108,30.538413
1177,32.839723,30.514775
1178,32.943023,30.448661
1179,32.913518,30.454442
1180,32.971914,30.508333
1181,32.947063,30.489049
1182,32.923521,30.422609
1183,32.949085,30.564829
1184,32.906589,30.46429
1185,33.001084,30.542962
1186,32.914572,30.425868
1187,32.909716,30.427431
1188,32.982821,30.532761
1189,32.910412,30.42426
1190,32.921425,30.393249
1191,32.956081,30.505942
1192,32.888017,30.433656
1193,32.902971,30.534872
1194,32.984281,30.422603
1195,32.969524,30.404171
1196,32.876395,30.534368
1197,32.840615,30.442268
1198,32.952394,30.41811
1199,32.97511,30.535257
1200,34.255063,31.860794
1201,35.136156,30.935815
1202,34.594003,31.077495
1203,33.848429,30.896275
1204,34.022495,30.772424
1205,34.620591,30.927877
1206,33.886609,31.267312
1207,34.969365,31.307187
1208,33.944892,31.176187
1209,33.72569,31.525363
1210,35.450797,31.0682
1211,34.229231,30.731086
1212,35.326613,30.603816
1213,34.334052,31.49069
1214,34.75742,31.532233
1215,34.946482,30.892781
1216,34.665305,31.189416
1217,33.932403,31.275163
1218,35.140558,30.377011
1219,34.597383,31.739842
1220,35.303756,31.145133
1221,35.099178,30.419934
1222,34.341864,31.338504
1223,34.01352,31.43858
1224,34.100004,30.843575
1225,33.617685,30.715581
1226,34.44718,31.243589
1227,34.635395,31.170127
1228,34.555025,30.313291
1229,34.098568,30.565016
1230,35.330877,30.932985
1231,33.699728,30.928343
1232,34.764766,31.316874
1233,34.140181,30.974948
1234,34.751491,30.527063
1235,34.913382,31.659996
1236,33.705414,30.759604
1237,34.647241,31.545615
1238,33.735956,31.218305
1239,34.568038,30.602948
1240,35.2167,30.673908
1241,34.053142,30.807683
1242,35.569489,31.20125
1243,34.039581,30.583078
1244,35.206058,31.042155
1245,35.122045,30.595596
1246,34.065566,31.583396
1247,35.206944,30.51632
1248,33.969683,31.335055
1249,35.284416,31.302649
1250,34.322303,30.280824
1251,34.352819,31.329283
1252,34.567612,30.435988
1253,34.364762,31.544878
1254,35.012663,31.203209
1255,34.195516,30.36378
1256,34.072478,31.074521
1257,34.679271,31.447369
1258,34.450005,30.869617
1259,35.253632,30.737977
1260,34.401062,30.926088
1261,34.44353,31.141975
1262,33.928437,30.728942
1263,34.930048,31.338897
1264,34.240608,31.378918
1265,35.289494,30.914645
1266,34.418572,30.723325
1267,35.050222,30.59288
1268,34.284017,30.748258
1269,35.246808,30.652708
1270,34.900421,30.379192
1271,34.556237,30.66858
1272,35.063217,31.270764
1273,34.686007,30.242227
1274,34.04158,30.676489
1275,33.725085,31.062525
1276,35.546181,31.308242
1277,34.901581,31.843969
1278,34.193921,30.764722
1279,34.59897,31.383351
1280,35.112343,31.528688
1281,33.691252,30.840832
1282,33.651761,30.599313
1283,34.152793,31.57043
1284,35.444572,30.90657
1285,34.66756,31.476958
1286,34.830303,30.960695
1287,33.773224,31.048902
1288,33.993274,31.411802
1289,35.475135,31.339033
1290,34.749636,31.102446
1291,35.222403,31.692842
1292,34.32154,31.865933
1293,35.291161,31.381033
1294,34.908614,31.538148
1295,35.563039,31.155131
1296,34.117243,30.776106
1297,35.235961,30.737028
1298,34.761581,31.572797
1299,34.022101,31.628434
1300,35.383864,30.651578
1301,34.463654,30.675153
1302,34.943015,30.506731
1303,35.293793,31.470932
1304,34.467499,30.261987
1305,33.698308,31.336852
1306,35.212758,31.61711
1307,34.402783,30.900216
1308,35.137433,30.578689
1309,35.519138,31.151749
1310,35.157295,31.348003
1311,34.387564,30.917244
1312,33.915516,31.119237
1313,34.497106,31.399133
1314,35.010986,30.542769
1315,34.44146,30.301733
1316,35.114227,31.372536
1317,35.416514,30.743769
1318,34.807465,30.649154
1319,34.894137,31.014909
1320,34.799802,31.593293
1321,34.209839,30.953267
1322,33.782874,30.521416
1323,34.822683,30.630713
1324,34.472113,31.583937
1325,34.609567,31.543736
1326,35.535039,30.838969
1327,34.797309,31.418534
1328,34.673741,31.303663
1329,33.996915,31.156043
1330,35.23827,31.613619
1331,34.359949,30.837004
1332,34.801772,30.542441
1333,34.289342,30.319188
1334,34.191642,31.446774
1335,34.259862,31.214016
1336,33.893307,30.752379
1337,35.383976,31.242964
1338,34.898524,30.235307
1339,35.220908,30.607282
1340,34.962386,30.651533
1341,33.872296,30.445537
1342,33.671899,30.77608
1343,35.286009,30.511659
1344,34.472316,30.932426
1345,35.019399,31.690531
1346,33.850645,30.526792
1347,34.716069,30.438724
1348,34.798391,31.468294
1349,35.187736,31.296144
1350,34.998443,30.486968
1351,34.964851,31.460247
1352,35.412268,31.071552
1353,33.893934,31.479786
1354,34.563001,30.297964
1355,34.602275,30.997407
1356,34.907491,30.460429
1357,34.920793,30.763426
1358,35.176313,31.145687
1359,35.322254,30.883626
1360,34.428266,30.765793
1361,34.631826,31.089861
1362,34.955248,30.320555
1363,34.590703,30.490995
1364,34.498954,31.394942
1365,34.975181,30.417749
1366,34.687481,31.785901
1367,34.662239,31.464711
1368,34.653945,31.43198
1369,33.888357,31.272133
1370,34.032741,30.535461
1371,34.599387,31.146788
1372,33.737663,30.926784
1373,35.324943,30.931248
1374,34.839809,30.833713
1375,33.912937,30.956652
1376,34.596837,30.256626
1377,34.665645,31.217401
1378,34.078162,30.365542
1379,34.805294,30.599319
1380,34.035571,31.422807
1381,35.228976,30.726441
1382,33.991067,30.657863
1383,33.900345,31.292084
1384,34.34594,31.592577
1385,35.232381,30.706793
1386,33.730717,30.994002
1387,34.9512,30.460537
1388,34.307678,30.39433
1389,35.056275,31.704576
1390,34.808218,30.582043
1391,35.465201,30.816756
1392,34.404632,30.998607
1393,34.41375,31.478573
1394,34.122649,31.397122
1395,35.021985,30.420789
1396,35.074125,30.875161
1397,34.87661,31.665902
1398,35.112434,30.442727
1399,34.126173,31.650344
1400,34.503466,30.44957
1401,34.256961,31.696552
1402,34.835493,30.517777
1403,34.751574,31.781546
1404,34.72761,30.804692
1405,34.136685,30.471676
1406,34.482801,31.417838
1407,35.306967,31.100134
1408,34.980576,31.134196
1409,35.138853,30.850094
1410,35.217058,31.299838
1411,34.155424,31.521128
1412,35.104715,30.477354
1413,35.213695,30.566548
1414,35.340288,31.265315
1415,35.054056,30.568605
1416,33.70686,30.841327
1417,33.765679,31.086787
1418,35.334196,31.184656
1419,33.688053,30.76835
1420,34.541027,30.408983
1421,35.312452,30.63778
1422,35.421023,31.29529
1423,34.051168,31.635383
1424,34.161354,30.384876
1425,34.063491,30.348791
1426,33.829464,31.493152
1427,33.993384,30.76884
1428,35.135819,30.561877
1429,34.933186,30.605524
1430,34.410864,30.509078
1431,33.690843,30.898731
1432,34.245221,30.601883
1433,33.893058,31.072672
1434,34.114881,30.512162
1435,34.45417,31.262283
1436,34.013335,31.406098
1437,34.925244,31.265972
1438,34.654317,30.712863
1439,34.919264,31.181101
1440,35.083985,30.845968
1441,35.185553,31.460939
1442,34.42951,30.449032
1443,35.14844,31.618588
1444,34.617568,31.676576
1445,34.628687,31.009776
1446,34.284821,30.829351
1447,34.564294,31.666947
1448,34.855827,31.37007
1449,33.659344,30.880226
1450,34.342223,30.775512
1451,34.898256,30.66742
1452,34.853642,30.631122
1453,34.146927,30.964118
1454,35.285679,31.291166
1455,34.19693,30.360945
1456,34.971527,30.37214
1457,34.428437,30.30817
1458,33.938967,31.446285
1459,34.377054,31.710472
1460,34.826312,31.163612
1461,34.299596,31.0152
1462,34.775363,30.573876
1463,35.429704,30.767248
1464,34.857029,30.600897
1465,35.183817,30.970743
1466,35.331252,30.957457
1467,33.703224,30.884433
1468,35.163733,30.728011
1469,33.904712,31.183807
1470,33.97892,30.582241
1471,33.967327,30.773074
1472,33.6882,31.22469
1473,34.421652,31.122427
1474,34.4762,31.508083
1475,34.456501,30.563256
1476,34.155462,30.797617
1477,34.969282,30.587709
1478,34.762489,30.358307
1479,35.151021,30.820495
1480,34.306802,31.243862
1481,34.660497,30.585417
1482,34.48609,30.680262
1483,35.182563,30.830568
1484,34.043256,30.915345
1485,35.262826,31.563188
1486,33.743192,31.252819
1487,33.86352,31.358718
1488,33.738127,31.075094
1489,34.098992,31.363569
1490,34.890078,31.567649
1491,34.207714,30.962787
1492,34.057586,30.727592
1493,35.317492,31.185024
1494,35.345892,31.252635
1495,33.997755,30.674241
1496,34.827034,31.093443
1497,33.935727,31.02429
1498,33.799777,31.212556
1499,34.407276,30.52678
1500,34.064158,30.798182
1501,34.730322,30.66208
1502,34.178778,30.575288
1503,34.559938,30.604176
1504,34.561789,30.753311
1505,33.919206,30.795814
1506,35.447408,31.025316
1507,35.19772,31.097721
1508,34.59018,31.412654
1509,35.059134,31.427947
1510,34.494128,30.856032
1511,34.221951,31.391886
1512,34.212594,30.376879
1513,34.628448,30.910294
1514,34.558308,30.373586
1515,34.380955,31.28851
1516,34.213885,30.656868
1517,35.336623,30.839505
1518,34.165035,30.962331
1519,34.530709,31.67904
1520,34.55379,30.373408
1521,34.153517,30.34676
1522,33.718538,30.914325
1523,33.880493,30.745588
1524,34.293695,30.960386
1525,34.270114,31.325754
1526,35.190352,31.317415
1527,34.301206,30.669923
1528,34.086948,30.554067
1529,33.756405,31.181236
1530,33.691929,31.116343
1531,34.630106,31.00899
1532,34.637427,31.406957
1533,35.043978,30.965541
1534,34.239459,30.739114
1535,34.678837,30.65964
1536,34.275372,31.620388
1537,34.284949,31.024574
1538,34.221571,31.178856
1539,34.1023,30.782557
1540,34.820753,31.394872
1541,34.80421,31.271686
1542,33.717865,31.088134
1543,34.880185,31.551921
1544,33.763814,31.122786
1545,34.47299,30.384866
1546,34.154811,31.436987
1547,34.343899,31.507674
1548,34.262182,30.672156
1549,34.296027,30.528377
1550,33.827265,30.911099
1551,35.104121,31.352419
1552,35.133331,30.740833
1553,34.3179,31.32531
1554,35.120313,31.547378
1555,35.406894,31.288405
1556,34.748547,30.601416
1557,33.942717,30.745486
1558,33.927358,31.305196
1559,34.024795,30.47578
1560,33.902984,31.316818
1561,35.037264,31.414332
1562,33.959498,31.097638
1563,34.199282,30.807366
1564,34.389751,31.627957
1565,33.77441,30.979644
1566,34.029134,30.620259
1567,34.627166,31.702752
1568,33.909964,30.793015
1569,34.42335,30.700569
1570,35.270146,30.949623
1571,34.434887,30.717994
1572,35.331043,30.992535
1573,34.146897,31.171371
1574,35.42936,30.928618
1575,34.719751,31.458832
1576,34.610793,31.23486
1577,34.988277,31.012771
1578,35.176624,31.505408
1579,34.743927,31.107844
1580,34.99598,30.417614
1581,34.901507,31.497219
1582,34.31928,30.832274
1583,34.423985,30.686846
1584,34.139657,30.936231
1585,34.825936,30.751004
1586,34.836911,30.469532
1587,34.770766,30.610625
1588,33.885354,31.366948
1589,34.91131,30.357311
1590,34.816332,30.865651
1591,34.054574,31.181022
1592,35.014917,30.495864
1593,34.343496,30.300168
1594,34.217722,30.464178
1595,33.911885,31.058306
1596,34.411146,31.450211
1597,34.083329,30.846805
1598,34.212449,31.628904
1599,34.439557,30.912753
1600,34.518813,31.634544
1601,35.134717,31.544912
1602,34.092037,30.971258
1603,34.368217,31.53022
1604,33.887546,31.276628
1605,34.403379,31.716521
1606,35.047472,31.005571
1607,34.638609,31.210686
1608,34.62838,31.025736
1609,35.058406,31.532417
1610,34.50228,31.540087
1611,34.919283,31.060417
1612,34.503933,30.451295
1613,34.335696,31.424942
1614,34.129266,30.916357
1615,34.353326,31.183691
1616,34.49723,30.788489
1617,34.02271,30.819955
1618,34.564613,31.447725
1619,34.943975,31.471491
1620,34.93567,31.16042
1621,35.369966,31.256932
1622,34.14903,30.543991
1623,34.333709,30.636058
1624,34.909332,30.779388
1625,34.822349,30.64105
1626,35.129602,31.474227
1627,34.060158,31.282528
1628,34.117301,31.146236
1629,34.591794,31.494365
1630,34.270403,30.567425
1631,34.089416,30.469894
1632,34.574652,30.768219
1633,34.705322,31.021785
1634,34.644014,31.560329
1635,34.555312,31.364673
1636,34.36508,30.85932
1637,35.345517,30.718229
1638,34.290074,30.989624
1639,35.31652,30.70621
1640,35.166703,30.782081
1641,34.078878,30.639056
1642,34.773191,30.983503
1643,35.270849,31.261729
1644,34.195908,31.007667
1645,34.428465,31.510292
1646,34.430035,31.246766
1647,34.811083,30.607571
1648,35.181916,30.767365
1649,34.989464,31.477698
1650,34.44478,30.663086
1651,35.016602,30.870314
1652,34.351462,30.820898
1653,34.250742,31.277634
1654,35.143052,30.613252
1655,34.219268,31.419734
1656,34.127387,30.451616
1657,35.179285,31.122691
1658,34.507856,31.271718
1659,34.994918,31.16779
1660,34.026387,31.217352
1661,34.340684,31.19185
1662,34.15132,31.563551
1663,34.673138,31.382171
1664,34.270115,31.328102
1665,35.340836,31.236503
1666,34.814502,30.7228
1667,34.432438,31.167474
1668,34.610496,30.991631
1669,33.99574,31.104419
1670,35.067976,30.425722
1671,34.409651,31.621158
1672,34.574533,30.842076
1673,34.459757,31.000023
1674,35.024083,30.655233
1675,34.159955,30.622197
1676,33.91795,30.688382
1677,34.754915,30.438266
1678,34.343906,30.46022
1679,34.970538,30.610329
1680,35.122124,31.324519
1681,34.810392,31.343085
1682,34.937,31.18842
1683,33.980195,31.18832
1684,34.800293,31.202351
1685,33.839653,31.123708
1686,35.294462,31.272344
1687,34.46594,31.587244
1688,34.556066,30.817779
1689,34.228907,30.75031
1690,34.663976,30.995859
1691,34.204871,30.881667
1692,33.901239,30.635387
1693,34.121983,31.520384
1694,33.993607,31.406601
1695,34.806203,31.553205
1696,34.803089,31.189677
1697,34.259969,30.746306
1698,34.719605,30.741622
1699,35.29733,31.159197
1700,34.661824,31.591191
1701,33.910689,31.203545
1702,34.745375,30.448108
1703,34.931288,31.179678
1704,33.935129,31.250392
1705,33.765208,30.982157
1706,35.013517,31.484905
1707,34.744315,30.756172
1708,34.317999,30.982913
1709,34.632236,31.263082
1710,35.223597,31.060816
1711,34.79573,30.535547
1712,34.342014,31.455552
1713,34.970535,31.008991
1714,33.783009,31.177184
1715,34.073341,31.069551
1716,34.274896,31.528912
1717,34.054833,31.002579
1718,34.969467,31.560064
1719,34.394811,30.403015
1720,34.204851,31.319643
1721,34.84601,31.500995
1722,34.032364,30.853186
1723,34.418362,31.011174
1724,33.998897,31.029549
1725,34.74796,31.314567
1726,34.794226,30.357793
1727,34.873201,30.807944
1728,34.395122,31.449204
1729,33.824224,31.263999
1730,34.336031,31.406597
1731,34.291679,31.355953
1732,35.312219,31.141736
1733,34.370957,30.365022
1734,34.158687,31.52791
1735,34.009409,31.069477
1736,34.847294,31.435388
1737,34.824628,31.507772
1738,34.424623,30.694499
1739,34.826163,31.423694
1740,34.225265,30.552152
1741,34.802404,31.588955
1742,33.903624,31.252842
1743,35.180658,30.70354
1744,34.340758,31.60984
1745,34.893088,30.816302
1746,34.812776,31.008608
1747,35.008322,30.448178
1748,33.99084,31.346141
1749,35.234059,31.051889
1750,34.768048,31.547443
1751,34.457927,30.849586
1752,35.00067,31.292139
1753,34.00932,30.537791
1754,33.835645,31.104991
1755,34.568429,31.27784
1756,33.893045,31.083555
1757,34.664916,31.08865
1758,34.947758,31.43154
1759,34.560074,31.505735
1760,34.622858,30.61257
1761,35.131174,30.544484
1762,34.027096,30.634661
1763,33.851187,30.947877
1764,34.281246,31.093541
1765,34.074806,30.801285
1766,34.56365,31.049402
1767,34.474099,31.447211
1768,34.87503,30.807849
1769,34.629371,31.640045
1770,34.421409,31.545632
1771,35.15891,31.054693
1772,34.6385,31.387928
1773,35.000963,31.382699
1774,34.617746,30.411087
1775,34.734883,30.864616
1776,33.974712,30.940599
1777,34.380339,31.514198
1778,34.505826,31.105556
1779,33.899933,30.681453
1780,34.055646,31.554083
1781,34.641316,31.27936
1782,33.966348,31.404375
1783,34.813065,30.381332
1784,35.080558,31.08269
1785,35.30316,30.96515
1786,34.932545,31.133414
1787,35.119825,31.106243
1788,34.95319,31.577256
1789,34.975254,31.56422
1790,34.485736,31.625204
1791,34.199691,30.627237
1792,35.238772,31.394897
1793,34.50229,30.470254
1794,35.236689,31.136491
1795,33.835923,30.851146
1796,34.167781,31.423818
1797,34.777497,31.477711
1798,34.912809,30.451676
1799,35.356325,31.043959
1800,33.90224,31.319204
1801,34.014051,30.564021
1802,33.829305,30.907476
1803,34.664082,31.249535
1804,34.877942,30.488362
1805,34.273321,31.267045
1806,34.504866,31.313403
1807,34.502682,30.554008
1808,34.342089,30.787404
1809,33.906115,30.809985
1810,34.578918,30.365937
1811,34.771854,31.140515
1812,34.714296,31.629495
1813,34.947951,31.100123
1814,34.085099,30.66892
1815,34.40661,30.851448
1816,34.602009,31.447328
1817,34.136418,31.13021
1818,34.625264,30.985228
1819,34.013676,31.100967
1820,34.636843,31.531629
1821,34.739026,31.134168
1822,34.950005,30.884402
1823,35.307227,30.929587
1824,35.162558,30.834803
1825,34.636341,30.95019
1826,34.637079,31.190803
1827,34.186652,31.216672
1828,34.671535,31.412357
1829,34.08259,30.546624
1830,33.851043,30.931326
1831,33.970542,30.642702
1832,34.411486,30.865164
1833,34.189722,31.131771
1834,34.224489,31.59708
1835,34.963626,31.338711
1836,35.002981,30.479147
1837,34.335234,31.090364
1838,34.71113,31.485805
1839,34.509974,31.057857
1840,35.165956,30.629684
1841,34.677756,31.378565
1842,34.77301,31.068802
1843,34.708168,30.627325
1844,34.794231,30.536153
1845,34.681454,31.013973
1846,34.007801,31.001637
1847,34.340458,30.53389
1848,35.304566,31.112356
1849,34.354817,31.050503
1850,34.257153,31.491076
1851,34.866034,31.402136
1852,34.478759,31.478179
1853,33.986552,31.386362
1854,35.192823,31.081415
1855,33.958744,30.98171
1856,34.743398,31.35671
1857,34.250071,30.531368
1858,34.642826,30.49282
1859,34.125807,30.495882
1860,33.982376,30.925257
1861,34.413428,31.269978
1862,34.128806,31.134205
1863,34.64296,30.927911
1864,35.013634,31.258267
1865,34.533979,30.909863
1866,35.293288,30.821846
1867,34.726768,31.548567
1868,35.089577,30.778839
1869,34.249851,30.454004
1870,34.964319,31.038356
1871,33.963304,30.790731
1872,34.736243,30.659001
1873,34.017117,31.126736
1874,34.024718,31.053554
1875,34.132068,31.003348
1876,34.800301,30.867498
1877,35.171521,30.660389
1878,34.165099,30.582642
1879,35.102507,30.658892
1880,34.436258,30.751494
1881,34.545473,31.312957
1882,34.001211,31.198682
1883,34.687704,31.235952
1884,34.207898,31.426207
1885,34.87638,30.761889
1886,34.085379,31.136879
1887,34.400019,31.434737
1888,34.099242,30.963444
1889,34.832367,30.534978
1890,34.598072,30.93
1891,34.491633,31.36725
1892,35.244643,31.175036
1893,34.919855,31.224937
1894,34.263633,31.38398
1895,34.509471,30.37937
1896,34.803234,31.413696
1897,34.208752,31.535958
1898,34.978239,31.52184
1899,34.411611,31.42591
1900,34.197793,30.788819
1901,35.134436,31.106642
1902,34.559187,31.466501
1903,34.796904,31.44123
1904,34.370631,30.92429
1905,35.019799,30.667583
1906,34.714608,30.952384
1907,34.483249,30.580719
1908,35.02609,31.480265
1909,34.12568,31.216735
1910,35.170348,31.265775
1911,34.75274,30.439396
1912,35.092063,31.279833
1913,34.413485,31.101795
1914,34.731451,30.921229
1915,34.526239,31.29243
1916,34.309508,30.740924
1917,34.596036,30.879874
1918,34.594656,30.553704
1919,34.898943,30.995836
1920,34.187315,31.032866
1921,35.191955,30.823086
1922,34.100442,30.584057
1923,35.158326,31.145451
1924,34.844515,31.263274
1925,35.045552,30.630334
1926,34.207089,31.559994
1927,34.821112,31.311246
1928,35.277314,31.171909
1929,34.945962,30.511086
1930,34.413078,30.697001
1931,34.196948,31.133433
1932,34.381509,31.40223
1933,34.292603,30.540391
1934,34.568299,30.582023
1935,34.619998,30.853374
1936,34.89081,31.047395
1937,35.062296,31.296633
1938,34.056705,31.02236
1939,34.218718,31.513014
1940,34.441437,31.069319
1941,34.147212,31.525733
1942,34.95303,30.553315
1943,35.244998,30.948646
1944,34.459023,31.008172
1945,34.814294,31.251854
1946,35.011348,30.929774
1947,34.726687,31.025642
1948,34.786342,31.35387
1949,34.195045,30.550459
1950,35.22259,30.988238
1951,34.562589,30.908543
1952,33.893901,30.815344
1953,34.682712,31.633726
1954,34.905887,31.108048
1955,34.692484,30.63322
1956,35.020822,31.198939
1957,34.53907,31.521301
1958,34.540444,30.95537
1959,34.209482,30.700305
1960,34.253041,31.057497
1961,34.748059,30.671354
1962,34.509192,31.024101
1963,34.027345,31.404179
1964,34.520101,30.634677
1965,34.418038,30.976147
1966,34.629417,31.250843
1967,34.872308,30.629879
1968,34.202881,30.546361
1969,34.702829,31.548907
1970,34.875576,30.951664
1971,34.832854,30.867357
1972,33.941634,31.072765
1973,34.547746,30.900124
1974,34.885113,30.68336
1975,35.010491,31.346059
1976,34.983341,30.951151
1977,34.798359,30.853694
1978,34.64256,30.452152
1979,34.324204,30.4334
1980,34.19216,30.7143
1981,34.702014,31.626905
1982,34.74955,30.72335
1983,34.275295,31.548193
1984,33.998986,31.265816
1985,34.431184,30.890078
1986,34.266824,31.45786
1987,34.945929,30.621235
1988,34.852782,30.456385
1989,33.896442,30.839846
1990,34.161569,30.679038
1991,35.26978,31.082248
1992,34.635401,31.109247
1993,34.214083,31.238376
1994,34.246299,30.910395
1995,34.370983,31.111498
1996,34.358221,30.487994
1997,34.633752,31.626001
1998,34.001341,31.127791
1999,34.051824,31.000123
2000,35.130515,31.224978
2001,34.198027,30.528829
2002,34.968446,31.33745
2003,34.569219,31.034001
2004,34.40204,31.181515
2005,35.00248,31.339834
2006,34.154159,30.707972
2007,34.512185,31.151459
2008,35.216895,31.107263
2009,35.117507,30.91565
2010,34.401531,31.262407
2011,34.095103,31.176621
2012,35.072415,31.153392
2013,34.432211,30.485704
2014,34.26865,30.686768
2015,34.970769,31.464133
2016,35.034354,31.419996
2017,34.364346,31.388817
2018,33.988126,31.031655
2019,35.109636,30.889629
2020,34.031521,30.715835
2021,34.934814,30.67094
2022,35.184571,31.023101
2023,34.745963,31.247942
2024,34.801628,30.953574
2025,34.623455,31.598153
2026,35.128913,31.134984
2027,34.325541,30.689283
2028,34.062328,31.142611
2029,34.11964,31.150901
2030,34.707397,31.276446
2031,34.213267,31.213138
2032,34.14813,31.062535
2033,34.534758,31.181442
2034,34.660838,31.38785
2035,33.978669,31.206779
2036,35.077862,30.916308
2037,34.436042,31.237524
2038,34.467714,30.84841
2039,34.04241,31.109265
2040,34.72402,31.311661
2041,34.231565,31.27294
2042,34.112997,31.072194
2043,34.301889,30.656127
2044,35.067211,31.42299
2045,34.091218,30.790677
2046,34.879655,31.405301
2047,35.114702,30.899454
2048,34.328284,31.459015
2049,34.030644,30.753793
2050,34.797536,30.526386
2051,34.38251,30.78651
2052,34.507652,30.702724
2053,34.615811,30.855528
2054,34.551811,30.572469
2055,34.593142,31.487406
2056,33.993623,30.960082
2057,35.158286,31.059285
2058,34.164267,31.429838
2059,35.067274,31.180454
2060,34.199651,31.014907
2061,34.886016,31.383227
2062,34.097739,31.415288
2063,34.869295,31.31005
2064,35.14304,30.792181
2065,34.08809,30.781133
2066,34.889539,31.021203
2067,34.700046,31.56801
2068,34.512783,30.506386
2069,34.700436,31.512366
2070,34.09169,31.328873
2071,34.239342,31.506432
2072,34.09217,31.042445
2073,34.457622,30.624902
2074,34.710045,31.382474
2075,34.534828,31.206559
2076,34.675055,31.131204
2077,34.494278,30.751943
2078,34.490962,31.122247
2079,34.461889,30.481858
2080,34.869488,30.942099
2081,34.961457,31.090394
2082,35.191452,31.272925
2083,34.285378,31.295698
2084,34.33634,30.761304
2085,33.962387,31.305848
2086,34.230864,31.067927
2087,34.686236,30.848158
2088,35.04608,31.413215
2089,34.040531,30.727944
2090,34.981642,31.185996
2091,34.710123,30.968955
2092,34.513697,31.369569
2093,35.00988,30.574055
2094,35.130106,30.925721
2095,34.118725,31.35771
2096,34.464888,30.936968
2097,34.454174,30.453725
2098,34.394555,31.577269
2099,34.132729,31.239722
2100,34.882267,31.196071
2101,34.86473,31.424526
2102,34.604693,30.74187
2103,34.744924,30.489933
2104,34.823329,31.000857
2105,34.580462,31.384523
2106,34.516145,31.230413
2107,34.820122,30.848765
2108,34.972556,30.785255
2109,34.440418,31.050958
2110,34.640506,30.739413
2111,35.075037,31.033021
2112,34.639627,30.930805
2113,35.079955,31.226291
2114,34.702659,31.255271
2115,34.138718,31.164433
2116,34.364057,30.697545
2117,34.681159,30.491917
2118,34.301704,30.583182
2119,34.751984,31.018215
2120,34.013371,31.194533
2121,34.6907,31.173536
2122,34.817405,31.080161
2123,34.774753,31.059885
2124,34.952464,30.781418
2125,34.326819,30.792344
2126,34.928955,31.142114
2127,34.172934,31.315852
2128,34.673133,31.395179
2129,35.202922,30.947777
2130,35.085729,30.765478
2131,34.814141,31.227005
2132,34.92392,30.754672
2133,34.796709,31.450284
2134,34.292915,30.710067
2135,34.150638,30.607129
2136,34.607868,31.361288
2137,34.374222,30.999433
2138,34.152411,30.641041
2139,34.332268,30.753257
2140,34.915209,30.699439
2141,34.735453,30.772128
2142,34.107861,31.109044
2143,35.068223,30.664902
2144,34.465698,30.707735
2145,33.963783,31.1536
2146,34.917908,31.100594
2147,34.766501,30.610489
2148,34.027936,30.965238
2149,35.213138,30.99401
2150,35.199798,31.09604
2151,34.378868,31.30716
2152,34.620905,30.471622
2153,34.117481,30.766386
2154,35.084978,30.892979
2155,34.371394,30.525173
2156,35.093362,30.890711
2157,34.043792,30.958688
2158,34.132552,30.913783
2159,34.642496,30.628787
2160,34.108731,30.851379
2161,34.189884,30.889198
2162,34.141692,30.877907
2163,34.56855,31.290531
2164,33.935052,31.101096
2165,35.002355,31.436438
2166,34.803942,31.341281
2167,34.261405,31.443679
2168,34.554441,30.69217
2169,35.138548,30.852524
2170,34.232919,31.321712
2171,34.958237,30.604754
2172,35.147744,31.210371
2173,34.547935,30.999524
2174,34.693706,30.585269
2175,34.412458,31.140752
2176,34.311313,30.924104
2177,34.999682,31.217742
2178,34.86037,30.665516
2179,34.469293,31.015674
2180,34.784101,31.413731
2181,34.09139,30.816752
2182,35.104811,31.017337
2183,34.436877,31.170128
2184,35.04821,31.180476
2185,34.35516,31.161128
2186,34.892159,31.000075
2187,34.6415,30.835581
2188,34.793456,31.123291
2189,34.627096,30.961055
2190,34.785179,31.21618
2191,34.474649,30.637896
2192,34.938421,31.426938
2193,34.49922,30.668194
2194,34.374201,30.712947
2195,34.474645,31.395983
2196,34.656492,30.548111
2197,34.028911,31.173421
2198,34.022692,31.313935
2199,34.568437,31.112489
2200,34.917308,30.626748
2201,34.764684,30.884836
2202,34.804045,30.763193
2203,34.272771,31.181228
2204,34.264705,31.229302
2205,34.37633,31.464235
2206,34.487815,30.698349
2207,34.780049,30.914102
2208,34.234589,31.164392
2209,34.59621,30.938
2210,34.51796,31.230066
2211,34.067537,31.018565
2212,35.052057,31.1638
2213,34.689482,30.831812
2214,35.00075,31.164038
2215,34.407617,30.939953
2216,34.537057,30.607588
2217,34.616462,30.825058
2218,34.785187,30.994426
2219,34.550846,30.948645
2220,34.387852,31.511222
2221,34.575292,31.193688
2222,34.910753,30.893003
2223,35.089904,31.159641
2224,34.940133,31.161239
2225,34.25913,31.377023
2226,34.802864,31.201784
2227,34.447737,31.526911
2228,34.748786,30.753093
2229,34.186765,31.428923
2230,34.989566,30.723911
2231,34.707965,31.347634
2232,34.698939,31.111143
2233,34.781076,31.151825
2234,34.566092,30.505843
2235,35.035489,30.746071
2236,34.08265,31.113952
2237,35.039302,31.065801
2238,34.825563,30.835123
2239,34.531443,31.328186
2240,34.426943,30.84615
2241,34.74097,30.5388
2242,34.761587,30.530816
2243,34.332067,30.57204
2244,34.78102,30.596822
2245,34.544744,31.27752
2246,33.997539,30.836419
2247,34.387374,31.2432
2248,34.416237,31.052848
2249,34.565586,31.137832
2250,34.11406,31.339359
2251,34.845811,31.05346
2252,34.98712,31.333863
2253,34.610362,31.525791
2254,34.205762,30.996216
2255,34.316798,31.139097
2256,34.040411,31.088329
2257,34.371467,31.464386
2258,34.657123,30.668944
2259,34.172421,30.962129
2260,34.199492,31.12162
2261,34.682689,31.249821
2262,34.571016,30.625919
2263,34.976328,30.927843
2264,34.135685,30.750143
2265,34.056652,30.764863
2266,34.068478,30.847551
2267,34.901877,30.983295
2268,34.024699,31.190762
2269,34.277697,31.263176
2270,34.285377,31.291954
2271,34.598481,30.887849
2272,34.532385,30.620035
2273,35.168691,31.020908
2274,34.666152,30.749803
2275,34.657108,30.618212
2276,34.996592,31.377479
2277,34.215303,31.078876
2278,34.723465,30.800979
2279,34.38633,31.290371
2280,34.722254,30.504732
2281,34.78902,30.620923
2282,34.051089,30.827909
2283,34.239585,30.760149
2284,34.264934,30.6922
2285,34.751564,30.853903
2286,34.388367,31.435933
2287,34.856575,30.575203
2288,34.370675,30.566598
2289,34.320519,30.591159
2290,34.443593,31.407832
2291,34.896527,31.316233
2292,34.805755,30.606332
2293,34.06475,31.087992
2294,34.557571,31.19928
2295,34.454544,31.482876
2296,34.938104,31.015391
2297,35.16642,31.053975
2298,35.138921,30.882242
2299,33.9824,31.009076
2300,34.696465,31.326788
2301,34.374019,31.143291
2302,34.188464,31.051546
2303,34.261973,31.177974
2304,34.849856,31.32847
2305,34.365839,30.785877
2306,34.779901,30.741504
2307,34.537583,31.265807
2308,34.590555,30.777269
2309,34.717259,31.315099
2310,34.120298,30.719532
2311,34.291269,31.153034
2312,34.293105,31.250971
2313,34.404984,31.287871
2314,34.603111,31.513632
2315,34.466111,30.563112
2316,34.15099,31.242684
2317,34.503251,30.803098
2318,34.540609,30.816468
2319,34.963715,31.016253
2320,34.241149,31.17035
2321,34.060495,31.269943
2322,34.160572,30.902636
2323,34.878768,30.800872
2324,34.52113,31.430187
2325,34.372637,31.288735
2326,34.688625,30.710654
2327,34.793584,30.94199
2328,35.161532,30.989245
2329,34.398163,31.223792
2330,34.371298,30.651747
2331,34.790076,30.793268
2332,34.248381,31.294294
2333,34.975784,30.718432
2334,34.976018,30.711756
2335,34.567154,31.008153
2336,34.596453,31.469771
2337,35.126776,30.996436
2338,34.140887,30.896061
2339,34.691505,31.462873
2340,34.702041,30.904287
2341,34.576474,31.277183
2342,34.898896,31.408102
2343,34.231356,31.430741
2344,34.301724,31.079567
2345,34.495322,31.44553
2346,34.844162,31.059244
2347,34.203707,31.253357
2348,34.531506,31.502402
2349,34.735784,31.105256
2350,34.345988,31.101121
2351,34.860222,30.975865
2352,34.974798,30.966216
2353,34.617889,30.541076
2354,34.201482,31.321541
2355,34.528882,30.833078
2356,34.718785,31.469121
2357,34.106733,31.194253
2358,34.902965,30.691431
2359,35.104817,31.119825
2360,34.476039,31.045004
2361,35.110526,31.008652
2362,34.638109,31.081842
2363,34.515851,31.211214
2364,35.111749,31.066375
2365,34.529195,30.862634
2366,34.299927,30.889677
2367,34.308581,31.191331
2368,34.847043,30.911724
2369,34.807353,31.24973
2370,34.579996,31.162754
2371,34.226914,31.434641
2372,35.007723,31.287825
2373,34.009539,31.097033
2374,34.231747,30.669539
2375,34.926237,30.955875
2376,34.517283,31.129926
2377,34.151698,30.825818
2378,34.365956,31.49504
2379,34.441705,31.440555
2380,34.782555,31.172744
2381,34.226352,30.786734
2382,34.207565,31.356056
2383,34.619417,30.928328
2384,34.509223,30.956047
2385,35.035056,30.811489
2386,34.287762,31.264274
2387,34.344487,31.213487
2388,34.625476,30.700094
2389,34.643423,30.814709
2390,34.617998,31.394429
2391,34.290792,31.27588
2392,34.236286,30.667299
2393,34.807478,31.448256
2394,34.240135,30.923112
2395,34.737055,31.259474
2396,34.747956,30.943327
2397,34.701759,31.379223
2398,34.241644,31.040525
2399,34.925676,31.344451
2400,34.879199,31.34036
2401,34.957667,31.036415
2402,34.59544,31.247993
2403,34.077462,30.9413
2404,34.678559,30.723029
2405,34.791183,30.598206
2406,34.747083,31.026966
2407,34.836664,31.343448
2408,34.487984,31.352464
2409,34.070279,31.02519
2410,34.924836,30.933249
2411,34.597233,30.719645
2412,34.584587,31.492769
2413,34.47386,31.493139
2414,34.412702,30.938337
2415,34.115454,30.915361
2416,34.854538,31.010939
2417,34.715642,30.944167
2418,34.576353,30.898417
2419,34.606022,31.116585
2420,34.758713,31.363672
2421,35.044676,31.167791
2422,34.43656,31.132306
2423,34.584415,30.654
2424,35.062357,30.971882
2425,35.04684,31.213596
2426,34.743943,31.342271
2427,34.169313,30.999867
2428,34.455535,30.756514
2429,34.381796,31.087248
2430,34.536721,31.472853
2431,34.889369,30.740252
2432,34.926817,30.99747
2433,34.095853,30.769129
2434,34.147802,31.199744
2435,34.800942,30.659013
2436,34.850822,30.991063
2437,34.708975,30.658183
2438,34.917964,31.374836
2439,34.460151,31.086987
2440,35.07126,30.975092
2441,34.413391,31.242129
2442,34.571257,30.659797
2443,34.658941,31.140475
2444,34.580779,30.594439
2445,34.627364,31.18324
2446,35.100192,31.070621
2447,34.131712,31.186525
2448,34.678974,31.181082
2449,35.015416,31.306494
2450,34.12761,31.295448
2451,34.180149,30.669791
2452,34.424479,30.685228
2453,34.314599,30.804378
2454,35.03071,31.033257
2455,34.514884,30.737911
2456,34.694797,30.746455
2457,34.389032,30.742918
2458,34.742697,31.067924
2459,34.843573,31.068066
2460,34.876123,31.394417
2461,34.880163,31.314492
2462,34.586624,31.195747
2463,34.375193,31.30901
2464,34.073541,30.872822
2465,34.357918,30.890346
2466,34.955037,31.02688
2467,34.092443,31.141246
2468,34.922531,30.760734
2469,34.369007,31.253373
2470,34.704991,31.420357
2471,34.73939,31.234115
2472,34.474296,31.169729
2473,34.677603,30.860741
2474,34.389305,30.81467
2475,34.948617,30.877298
2476,34.467664,30.659187
2477,34.440828,30.644874
2478,34.562484,31.291794
2479,34.419885,30.848453
2480,34.83926,30.835399
2481,34.728,31.148614
2482,34.787796,31.054718
2483,34.48064,30.560899
2484,34.159267,31.149314
2485,34.511777,30.698896
2486,34.856947,30.686
2487,34.062104,31.016446
2488,34.606728,30.574553
2489,34.867734,31.354241
2490,34.24405,30.888554
2491,34.187896,30.69018
2492,34.751909,30.676791
2493,34.906281,31.000986
2494,34.756623,31.162009
2495,34.144164,31.052706
2496,34.167199,31.274811
2497,34.3846,31.025576
2498,34.707312,30.951336
2499,34.695246,31.1099
2500,34.535903,30.953416
2501,34.804032,31.321937
2502,34.721996,31.058721
2503,34.285602,30.989797
2504,34.531834,31.412773
2505,34.398439,31.168742
2506,34.961093,30.866919
2507,34.277136,30.834241
2508,34.083277,30.917821
2509,34.477067,31.225875
2510,34.608495,31.026487
2511,34.780473,30.674849
2512,34.42011,31.070625
2513,34.868782,30.656136
2514,34.493465,30.751473
2515,34.310056,30.683313
2516,34.547811,31.129218
2517,34.392122,30.945829
2518,34.347616,30.781449
2519,34.229283,31.054152
2520,34.306364,31.263036
2521,34.304213,30.676658
2522,34.227253,31.196881
2523,34.314479,30.769639
2524,34.534404,30.944826
2525,34.168512,31.03848
2526,34.866254,31.343821
2527,34.832777,30.999155
2528,34.64646,31.420204
2529,34.5599,31.323409
2530,34.861643,30.746206
2531,34.428503,30.779642
2532,34.75668,30.979677
2533,34.27559,30.892681
2534,34.950086,31.049733
2535,34.496572,30.679088
2536,34.368639,31.377904
2537,35.007532,30.871452
2538,34.820581,31.352676
2539,34.842602,31.208834
2540,34.592984,31.328048
2541,34.32387,31.209532
2542,34.301403,31.073531
2543,34.193677,31.034136
2544,34.361479,31.272722
2545,34.617635,31.41694
2546,34.93566,30.975737
2547,34.955029,31.196592
2548,34.551838,31.121063
2549,34.960388,30.979973
2550,34.057107,30.936699
2551,34.385782,31.157579
2552,34.922692,31.245156
2553,34.285459,31.306883
2554,34.874988,31.279241
2555,34.745694,30.645129
2556,35.032848,31.132306
2557,34.417616,30.64032
2558,34.295852,31.223283
2559,34.166055,30.903933
2560,34.184415,30.869292
2561,34.96727,30.991222
2562,34.345351,30.964762
2563,34.24603,31.269116
2564,34.85869,31.00776
2565,34.157299,31.197373
2566,34.466167,30.57392
2567,34.707479,30.7187
2568,34.809879,31.32147
2569,34.528902,31.377602
2570,34.398872,30.997767
2571,34.678611,31.327647
2572,34.44923,31.468412
2573,34.549188,31.239686
2574,34.992692,30.978169
2575,34.83536,30.90449
2576,34.117066,31.188406
2577,34.922835,31.131778
2578,35.015432,31.014924
2579,34.664432,31.376117
2580,34.306764,31.175611
2581,34.475207,30.941404
2582,34.162651,31.234242
2583,34.820281,31.021812
2584,34.561038,31.169653
2585,34.596782,30.560627
2586,34.730913,30.728494
2587,34.77447,31.138926
2588,34.111708,30.882064
2589,34.555304,31.013652
2590,34.178548,31.026317
2591,34.331391,31.221039
2592,34.266668,30.843665
2593,35.032883,31.014272
2594,34.304605,31.397693
2595,34.956247,31.272878
2596,34.973608,31.165832
2597,34.69964,31.341182
2598,34.780383,31.180835
2599,34.614323,31.15638
2600,34.202136,31.131897
2601,34.936522,31.31663
2602,34.384123,31.002125
2603,34.659868,30.701997
2604,34.330923,30.963531
2605,34.86151,31.365833
2606,34.115079,30.892988
2607,34.074903,31.042721
2608,34.714111,30.68907
2609,34.899729,30.740944
2610,34.500121,30.921728
2611,34.335797,30.805961
2612,34.920601,31.144893
2613,34.708827,31.142939
2614,34.368748,30.728243
2615,34.094162,30.951734
2616,34.580172,31.37846
2617,34.449695,30.849374
2618,34.818636,30.905733
2619,34.466776,31.281186
2620,34.72451,30.985684
2621,34.612202,31.212471
2622,34.538609,31.116648
2623,35.032957,31.189995
2624,34.54845,31.430269
2625,34.879148,30.71952
2626,34.642113,31.446105
2627,34.969692,31.147196
2628,35.003529,31.032291
2629,34.869291,31.205649
2630,34.469016,31.266088
2631,34.416383,31.060414
2632,34.776958,31.303614
2633,34.215282,30.951903
2634,34.562627,31.251371
2635,34.633772,31.236087
2636,34.338967,31.34295
2637,34.599506,30.74972
2638,34.387208,31.3647
2639,34.978775,30.864351
2640,34.476862,31.293397
2641,34.390455,30.614892
2642,34.762257,31.172508
2643,34.170706,31.072371
2644,34.217255,31.015979
2645,34.33583,30.802279
2646,34.447144,31.272568
2647,34.721465,30.969722
2648,34.845432,31.080121
2649,34.99826,31.17672
2650,34.801032,30.836145
2651,34.744255,31.404326
2652,34.934296,31.294295
2653,34.111905,30.851598
2654,34.284144,30.800356
2655,34.665481,30.830091
2656,34.289922,31.227807
2657,34.978573,31.112812
2658,34.835728,31.132024
2659,34.871198,30.809107
2660,34.795651,30.831764
2661,34.58661,30.669818
2662,34.592594,30.98357
2663,34.964358,30.998464
2664,34.779946,31.107811
2665,34.485474,31.14417
2666,34.799118,30.705797
2667,34.692042,31.171657
2668,34.580446,31.368287
2669,34.853439,30.718249
2670,34.331902,30.838541
2671,34.329449,30.855179
2672,34.858736,31.020504
2673,34.445265,31.314146
2674,34.913934,30.952527
2675,35.021115,30.839028
2676,34.748255,30.908609
2677,34.88661,31.078031
2678,34.2254,30.810188
2679,34.752479,31.136244
2680,34.211037,31.27855
2681,34.372726,31.069575
2682,34.865922,31.170253
2683,34.851376,30.762114
2684,34.280735,31.210859
2685,34.435646,30.793235
2686,34.199939,30.935086
2687,34.364362,30.863958
2688,34.707499,31.063201
2689,34.150952,30.863093
2690,34.597524,30.801667
2691,34.805676,30.649109
2692,34.301837,31.073646
2693,34.67329,31.278716
2694,34.820627,30.854576
2695,34.70689,31.142624
2696,34.350828,31.095711
2697,34.342159,31.338528
2698,34.295459,30.967684
2699,34.532983,31.270736
2700,32.647148,30.860452
2701,33.973671,32.184009
2702,32.114762,31.088969
2703,32.514323,32.329882
2704,34.17649,32.274543
2705,34.352776,31.946065
2706,34.055523,31.709283
2707,32.512676,31.297924
2708,33.543868,32.517177
2709,33.42257,30.570755
2710,33.265566,30.859796
2711,33.943107,31.578676
2712,34.075167,31.414547
2713,32.143251,31.093741
2714,33.009951,31.970679
2715,32.831455,31.718106
2716,33.003185,31.685842
2717,33.901767,31.384196
2718,33.230967,32.508944
2719,32.920512,31.2394
2720,32.98639,32.390292
2721,33.066905,32.130929
2722,33.772917,32.35155
2723,33.062178,32.499545
2724,32.278595,31.105472
2725,33.560991,31.333764
2726,33.451891,30.898108
2727,33.933266,32.002929
2728,32.817427,32.352618
2729,33.180127,31.402634
2730,33.737322,30.865006
2731,33.937389,31.795459
2732,32.374336,31.760842
2733,33.378249,32.563975
2734,33.695082,30.94669
2735,32.450881,32.359157
2736,32.384432,31.323734
2737,32.80047,30.656235
2738,33.2659,31.701233
2739,32.266889,31.389634
2740,32.757004,30.711033
2741,33.254357,31.791654
2742,32.487997,31.304681
2743,33.837975,31.030869
2744,32.244191,31.859798
2745,33.970205,32.344432
2746,33.93139,31.659365
2747,33.790285,31.384172
2748,33.266529,31.827363
2749,33.850491,32.197506
2750,33.278285,30.779528
2751,32.916868,31.508917
2752,32.721852,32.087889
2753,32.400482,32.013992
2754,33.918773,31.830196
2755,32.885451,30.928852
2756,32.287131,31.883974
2757,33.492317,31.134237
2758,34.03853,31.316822
2759,32.939487,31.938109
2760,32.933897,31.725977
2761,33.688978,32.111523
2762,33.285632,31.227856
2763,33.279551,31.654081
2764,33.323242,31.418258
2765,33.177752,32.018438
2766,32.430343,31.281079
2767,34.150886,31.486484
2768,33.550964,31.546864
2769,33.566869,31.039214
2770,33.141275,31.099198
2771,32.872362,31.753533
2772,33.590582,30.86863
2773,33.336652,32.308641
2774,33.916018,31.864336
2775,32.697174,32.312904
2776,32.558407,32.089803
2777,33.298698,30.926805
2778,32.241232,32.047353
2779,33.3187,31.438975
2780,34.024675,32.093082
2781,33.43501,32.048087
2782,33.070968,31.54324
2783,32.287192,31.941673
2784,34.0159,31.78212
2785,32.857559,32.246303
2786,32.403896,31.121204
2787,33.165851,31.156887
2788,32.171553,31.85284
2789,33.681948,30.727651
2790,33.726613,32.084449
2791,32.186461,31.828011
2792,33.718302,32.421075
2793,32.558297,30.869173
2794,34.257259,31.432804
2795,32.561248,31.585054
2796,33.563647,31.565116
2797,34.127964,31.385019
2798,32.414101,32.192778
2799,33.624003,31.564054
2800,33.670737,31.615571
2801,33.416144,31.864042
2802,33.229744,31.679551
2803,32.733454,31.39693
2804,33.24276,31.50606
2805,33.805858,31.761212
2806,32.887535,31.520818
2807,33.455781,31.36238
2808,32.864444,31.247721
2809,33.232617,31.817463
2810,32.721156,31.443914
2811,33.529903,31.439592
2812,33.29847,31.070913
2813,33.376979,32.025514
2814,33.612247,31.491343
2815,33.676238,31.521307
2816,32.977248,31.888626
2817,33.198485,31.697307
2818,33.754982,31.68703
2819,32.736601,31.687242
2820,33.088047,31.087057
2821,32.903558,31.661805
2822,33.024996,31.893132
2823,33.525667,31.803848
2824,33.628692,31.635344
2825,33.124058,31.95933
2826,33.435081,31.321636
2827,33.828692,31.337814
2828,32.657886,31.456231
2829,32.98298,31.983219
2830,33.112637,31.101007
2831,32.917685,31.124213
2832,33.312682,31.051387
2833,32.761529,31.231431
2834,33.272071,31.907564
2835,33.847108,31.492186
2836,33.150348,31.992475
2837,33.83446,31.653477
2838,33.214127,31.229881
2839,32.794887,31.768009
2840,33.217888,31.431185
2841,33.304373,31.575228
2842,33.670435,31.546672
2843,32.854864,31.240797
2844,33.541977,31.17113
2845,33.730087,31.470305
2846,32.951998,31.973724
2847,33.108557,31.987307
2848,33.232833,32.061293
2849,33.599818,31.499415
2850,33.556734,31.383837
2851,33.641921,31.838685
2852,33.628509,31.675769
2853,33.305752,31.633999
2854,33.54533,31.302249
2855,33.631348,31.701408
2856,33.537776,31.75263
2857,33.154589,31.835998
2858,33.40951,31.040285
2859,33.395347,31.318135
2860,33.359972,31.864823
2861,33.602249,31.534796
2862,33.210401,31.683311
2863,33.746561,31.847997
2864,32.912304,31.368732
2865,32.880456,31.955082
2866,33.031293,31.584647
2867,33.51982,31.248946
2868,33.590166,31.60867
2869,33.532046,31.301151
2870,33.455785,31.98612
2871,32.971671,31.141362
2872,32.966194,31.811073
2873,33.337675,31.065227
2874,33.56838,31.585215
2875,32.828631,31.295244
2876,32.993785,31.971338
2877,33.636399,31.753809
2878,33.514213,31.252137
2879,33.345077,31.166219
2880,32.811792,31.795994
2881,33.136107,31.219963
2882,33.632948,31.762296
2883,32.769002,31.268407
2884,33.3119,31.4928
2885,33.017089,31.250365
2886,33.505484,31.325624
2887,33.060138,31.710716
2888,32.924394,31.659184
2889,33.305116,31.454192
2890,33.106045,32.038274
2891,33.08411,32.039445
2892,33.213502,31.604809
2893,33.472456,31.458552
2894,32.865668,31.847724
2895,33.470449,31.072648
2896,33.445254,31.524697
2897,33.080822,31.602416
2898,33.421537,31.509926
2899,33.138696,32.049624
2900,33.303746,31.439211
2901,33.426991,31.68173
2902,33.043519,31.663123
2903,33.196881,31.703245
2904,33.06322,31.525999
2905,33.176668,31.390168
2906,33.044675,31.520091
2907,33.380671,31.670576
2908,33.29129,31.442334
2909,33.228223,31.543241
2910,33.340271,31.478345
2911,33.267308,31.604238
2912,33.40251,31.508486
2913,33.476859,31.589239
2914,33.111698,31.335701
2915,33.312305,31.792312
2916,33.271214,31.76531
2917,33.25436,31.599424
2918,33.520438,31.444589
2919,33.20182,31.653929
2920,33.212048,31.469366
2921,33.520102,31.669353
2922,33.363066,31.322159
2923,33.241137,31.557357
2924,33.219076,31.708044
2925,33.408113,31.514025
2926,33.097575,31.425593
2927,33.210707,31.325364
2928,33.317788,31.341113
2929,33.095831,31.594997
2930,33.347337,31.702587
2931,33.298216,31.62841
2932,33.302898,31.341323
2933,33.451167,31.497465
2934,33.190485,31.705457
2935,33.282363,31.479854
2936,33.132963,31.702425
2937,33.3562,31.758945
2938,33.205845,31.769442
2939,33.437641,31.741613
2940,33.481308,31.410732
2941,33.205879,31.774777
2942,33.32554,31.609428
2943,33.187254,31.492325
2944,33.368087,31.661506
2945,33.365269,31.630427
2946,33.155367,31.64251
2947,33.41878,31.658423
2948,33.376243,31.575501
2949,33.10888,31.448512
2950,33.153473,31.682001
2951,33.065731,31.58229
2952,33.180434,31.743378
2953,33.444846,31.527081
2954,33.216531,31.671465
2955,33.03514,31.419964
2956,33.115628,31.456279
2957,33.24895,31.494944
2958,33.329716,31.645994
2959,33.143344,31.351508
2960,33.099716,31.668618
2961,33.326593,31.339393
2962,33.498952,31.681977
2963,33.005781,31.464189
2964,33.40806,31.60673
2965,33.327301,31.590715
2966,33.437141,31.345329
2967,33.139455,31.703454
2968,33.369243,31.497623
2969,33.532617,31.614713
2970,33.238382,31.458511
2971,33.151971,31.467398
2972,33.324879,31.405038
2973,33.05015,31.61823
2974,33.178222,31.633686
2975,33.417872,31.703582
2976,33.304443,31.547631
2977,33.290349,31.463926
2978,33.189116,31.324388
2979,33.513151,31.669065
2980,33.361304,31.697046
2981,33.377884,31.348688
2982,33.103644,31.339175
2983,33.37517,31.71252
2984,33.246506,31.679118
2985,33.368228,31.41372
2986,33.520694,31.42241
2987,33.053817,31.510525
2988,33.402413,31.506552
2989,33.074023,31.358373
2990,33.007934,31.401905
2991,33.094004,31.619537
2992,33.358931,31.557222
2993,33.268531,31.726037
2994,33.173525,31.6786
2995,33.234835,31.456948
2996,33.132762,31.377053
2997,33.32489,31.596366
2998,33.494101,31.591056
2999,33.300685,31.454345
3000,33.28291,31.572679
3001,33.166659,31.598355
3002,33.373082,31.546411
3003,33.237168,31.572071
3004,33.357515,31.500156
3005,33.372609,31.583343
3006,33.206977,31.532679
3007,33.385556,31.505673
3008,33.208261,31.563756
3009,33.283811,31.456504
3010,33.163197,31.520942
3011,33.262179,31.496173
3012,33.224793,31.537776
3013,33.364659,31.619101
3014,33.335054,31.644143
3015,33.196049,31.588828
3016,33.236068,31.600661
3017,33.291704,31.530777
3018,33.19673,31.613352
3019,33.177143,31.463029
3020,33.328505,31.435772
3021,33.211166,31.487542
3022,33.354441,31.506881
3023,33.344136,31.504123
3024,33.325368,31.527917
3025,33.275687,31.55705
3026,33.227999,31.518941
3027,33.376522,31.509932
3028,33.302518,31.644169
3029,33.303697,31.542818
3030,33.282943,31.530128
3031,33.199742,31.526673
3032,33.155979,31.450704
3033,33.116584,31.508066
3034,33.36144,31.483326
3035,33.32927,31.453726
3036,33.295316,31.489256
3037,33.128886,31.519756
3038,33.377694,31.5407
3039,33.180841,31.498353
3040,33.2349,31.440383
3041,33.304989,31.434941
3042,33.359914,31.610238
3043,33.222792,31.481427
3044,33.373547,31.509263
3045,33.247099,31.626923
3046,33.361473,31.614994
3047,33.231003,31.592158
3048,33.119049,31.573148
3049,33.185376,31.449771
3050,33.330841,31.446969
3051,33.155655,31.500304
3052,33.357045,31.568876
3053,33.149322,31.470406
3054,33.236307,31.485808
3055,33.159205,31.486215
3056,33.325927,31.612742
3057,33.273013,31.617072
3058,33.141214,31.606064
3059,33.191567,31.544692
3060,33.152988,31.560488
3061,33.307455,31.559522
3062,33.208787,31.451781
3063,33.258238,31.500247
3064,33.297063,31.49396
3065,33.247729,31.662589
3066,33.12811,31.588227
3067,33.322381,31.499509
3068,33.318389,31.57441
3069,33.204384,31.606242
3070,33.131652,31.52679
3071,33.365129,31.515307
3072,33.261972,31.586214
3073,33.247317,31.432918
3074,33.228544,31.545918
3075,33.275209,31.660158
3076,33.306575,31.426549
3077,33.394703,31.554328
3078,33.264928,31.420089
3079,33.243756,31.601584
3080,33.255265,31.562148
3081,33.365877,31.46854
3082,33.24541,31.659816
3083,33.345161,31.482717
3084,33.151262,31.553447
3085,33.217878,31.616867
3086,33.130759,31.586476
3087,33.149043,31.511887
3088,33.113716,31.52203
3089,33.296034,31.645255
3090,33.298558,31.527427
3091,33.301128,31.491888
3092,33.381516,31.560642
3093,33.135101,31.49713
3094,33.199151,31.507899
3095,33.183187,31.614802
3096,33.183454,31.482896
3097,33.313228,31.44032
3098,33.208455,31.446538
3099,33.400486,31.543908
3100,33.278882,31.499594
3101,33.3072,31.521966
3102,33.19386,31.52613
3103,33.269934,31.559288
3104,33.210757,31.576755
3105,33.210318,31.505652
3106,33.287016,31.569855
3107,33.242051,31.518829
3108,33.294501,31.591168
3109,33.194164,31.56065
3110,33.206065,31.520777
3111,33.302617,31.503349
3112,33.232144,31.524926
3113,33.230252,31.560979
3114,33.300166,31.529255
3115,33.212956,31.584422
3116,33.274249,31.530205
3117,33.309798,31.55553
3118,33.269778,31.488417
3119,33.29916,31.52027
3120,33.291131,31.58744
3121,33.21232,31.521638
3122,33.232375,31.555676
3123,33.316244,31.553859
3124,33.32002,31.554585
3125,33.241708,31.572815
3126,33.279164,31.57008
3127,33.276424,31.592587
3128,33.27571,31.51049
3129,33.269764,31.533169
3130,33.213057,31.540102
3131,33.299226,31.503807
3132,33.25129,31.50525
3133,33.203064,31.51797
3134,33.227622,31.500216
3135,33.267311,31.503523
3136,33.303396,31.570685
3137,33.263033,31.532768
3138,33.317845,31.51937
3139,33.300759,31.553877
3140,33.287525,31.537196
3141,33.23794,31.505431
3142,33.217702,31.524443
3143,33.255506,31.535768
3144,33.221502,31.492272
3145,33.310743,31.546988
3146,33.266436,31.545261
3147,33.324254,31.563465
3148,33.278478,31.52856
3149,33.194295,31.51887
3150,33.205306,31.500326
3151,33.296806,31.553713
3152,33.293778,31.564529
3153,33.211717,31.504588
3154,33.320717,31.567839
3155,33.247832,31.558549
3156,33.295777,31.522072
3157,33.223658,31.508965
3158,33.302114,31.492065
3159,33.226312,31.528944
3160,33.221991,31.532721
3161,33.220132,31.510863
3162,33.193405,31.547853
3163,33.253334,31.577442
3164,33.25831,31.596892
3165,33.264678,31.581045
3166,33.310369,31.525737
3167,33.303223,31.53643
3168,33.211609,31.507574
3169,33.235158,31.493859
3170,33.277802,31.565859
3171,33.279945,31.575186
3172,33.259089,31.528665
3173,33.26741,31.578871
3174,33.195564,31.548319
3175,33.276983,31.486389
3176,33.296451,31.49367
3177,33.232741,31.582651
3178,33.205431,31.529969
3179,33.291618,31.484597
3180,33.219677,31.514488
3181,33.244917,31.530503
3182,33.222518,31.557643
3183,33.235228,31.53209
3184,33.303153,31.558111
3185,33.261515,31.485451
3186,33.304824,31.575355
3187,33.262394,31.512833
3188,33.273547,31.593268
3189,33.25031,31.514291
3190,33.210926,31.498963
3191,33.295773,31.50131
3192,33.218812,31.504133
3193,33.22687,31.572312
3194,33.235028,31.593103
3195,33.322588,31.542327
3196,33.270238,31.515808
3197,33.21522,31.516671
3198,33.226704,31.511521
3199,33.286296,31.506738
3200,33.281306,31.539
3201,33.268694,31.555422
3202,33.2802,31.528066
3203,33.257292,31.547063
3204,33.261824,31.534883
3205,33.247069,31.514649
3206,33.232838,31.546094
3207,33.24371,31.553736
3208,33.255337,31.526268
3209,33.271441,31.540179
3210,33.269467,31.515536
3211,33.269295,31.538787
3212,33.243004,31.538349
3213,33.27334,31.542053
3214,33.246923,31.531932
3215,33.234993,31.528325
3216,33.246089,31.551086
3217,33.237562,31.534623
3218,33.263239,31.535972
3219,33.251373,31.559401
3220,33.281194,31.518313
3221,33.248127,31.541927
3222,33.272548,31.517148
3223,33.273954,31.537451
3224,33.28028,31.55502
3225,33.243447,31.563461
3226,33.229981,31.524001
3227,33.258661,31.53681
3228,33.255659,31.539615
3229,33.268033,31.535416
3230,33.292996,31.534847
3231,33.255248,31.554115
3232,33.249522,31.542561
3233,33.2445,31.534733
3234,33.229571,31.534786
3235,33.278055,31.522021
3236,33.250217,31.554857
3237,33.253097,31.54722
3238,33.2482,31.566216
3239,33.283963,31.521616
3240,33.24418,31.534703
3241,33.280416,31.52393
3242,33.267718,31.564067
3243,33.271809,31.516789
3244,33.23048,31.540409
3245,33.271558,31.525109
3246,33.262093,31.566109
3247,33.227238,31.535466
3248,33.234306,31.531729
3249,33.247237,31.563985
3250,33.253438,31.542276
3251,33.277695,31.555352
3252,33.249559,31.527775
3253,33.275502,31.550771
3254,33.291001,31.533146
3255,33.262014,31.511986
3256,33.262938,31.529415
3257,33.241547,31.527975
3258,33.24435,31.547908
3259,33.251307,31.526336
3260,33.268576,31.524169
3261,33.261307,31.55668
3262,33.264922,31.538306
3263,33.260385,31.522876
3264,33.258919,31.523265
3265,33.256906,31.552959
3266,33.241285,31.539137
3267,33.235091,31.549004
3268,33.244126,31.517415
3269,33.23941,31.545218
3270,33.253785,31.529788
3271,33.287716,31.530542
3272,33.240298,31.51603
3273,33.275001,31.542263
3274,33.242741,31.531368
3275,33.269087,31.562442
3276,33.254015,31.514548
3277,33.238778,31.536236
3278,33.258333,31.558638
3279,33.243718,31.524789
3280,33.27543,31.542796
3281,33.267326,31.561214
3282,33.266816,31.54561
3283,33.243856,31.522051
3284,33.288797,31.549122
3285,33.269718,31.555824
3286,33.230466,31.528309
3287,33.266953,31.535029
3288,33.279642,31.519016
3289,33.265382,31.566938
3290,33.264485,31.514766
3291,33.252677,31.536595
3292,33.271255,31.557674
3293,33.270812,31.524465
3294,33.224852,31.535301
3295,33.280675,31.524621
3296,33.278023,31.52133
3297,33.240424,31.535722
3298,33.276433,31.564515
3299,33.270045,31.556213
3300,33.252277,31.527758
3301,33.252147,31.551563
3302,33.258351,31.54781
3303,33.250464,31.546068
3304,33.269268,31.528485
3305,33.261607,31.532359
3306,33.258962,31.530573
3307,33.251969,31.534678
3308,33.252131,31.528176
3309,33.266387,31.52537
3310,33.259954,31.527231
3311,33.243617,31.534873
3312,33.264993,31.529445
3313,33.259266,31.528524
3314,33.249469,31.540055
3315,33.274061,31.53551
3316,33.255727,31.526559
3317,33.257746,31.525998
3318,33.271844,31.543807
3319,33.249034,31.531458
3320,33.263419,31.540737
3321,33.2637,31.540769
3322,33.257443,31.531867
3323,33.264541,31.526503
3324,33.243322,31.534611
3325,33.24819,31.527162
3326,33.270755,31.543862
3327,33.253088,31.545679
3328,33.265729,31.526789
3329,33.25722,31.541597
3330,33.265173,31.545624
3331,33.248412,31.526821
3332,33.254536,31.531727
3333,33.254643,31.524047
3334,33.2524,31.543947
3335,33.257901,31.542269
3336,33.263615,31.536358
3337,33.261581,31.543032
3338,33.251644,31.525501
3339,33.25964,31.53985
3340,33.271822,31.529989
3341,33.261725,31.549803
3342,33.252631,31.534738
3343,33.251024,31.528054
3344,33.268685,31.542771
3345,33.25165,31.526594
3346,33.246767,31.527765
3347,33.252253,31.53714
3348,33.251225,31.534135
3349,33.25332,31.544117
3350,33.245733,31.529896
3351,33.263144,31.544901
3352,33.266219,31.531358
3353,33.251424,31.5257
3354,33.256901,31.532758
3355,33.268588,31.531204
3356,33.27547,31.535211
3357,33.266116,31.549863
3358,33.24376,31.537683
3359,33.261484,31.55151
3360,33.257796,31.541619
3361,33.262463,31.54072
3362,33.272174,31.536877
3363,33.263033,31.550306
3364,33.269438,31.543734
3365,33.264753,31.548151
3366,33.267387,31.548227
3367,33.262693,31.530483
3368,33.249792,31.5483
3369,33.275823,31.538251
3370,33.254781,31.535329
3371,33.258121,31.549023
3372,33.265154,31.527616
3373,33.256683,31.541304
3374,33.274174,31.531369
3375,33.245532,31.533371
3376,33.274052,31.532925
3377,33.262975,31.526151
3378,33.25222,31.540904
3379,33.245601,31.542392
3380,33.251688,31.533214
3381,33.251064,31.545844
3382,33.273705,31.540666
3383,33.253693,31.542015
3384,33.275095,31.539658
3385,33.2481,31.540962
3386,33.275349,31.539796
3387,33.263725,31.546057
3388,33.248922,31.526524
3389,33.25285,31.550799
3390,33.243301,31.533583
3391,33.269362,31.53385
3392,33.249985,31.533431
3393,33.273857,31.543373
3394,33.261553,31.542943
3395,33.266552,31.544718
3396,33.257392,31.544628
3397,33.25228,31.540812
3398,33.262006,31.531561
3399,33.257561,31.544988
3400,33.265932,31.540097
3401,33.252764,31.534879
3402,33.255973,31.534741
3403,33.256379,31.540483
3404,33.261178,31.534603
3405,33.258653,31.542093
3406,33.257904,31.532385
3407,33.256652,31.542336
3408,33.257603,31.538902
3409,33.26641,31.539058
3410,33.263512,31.536737
3411,33.252341,31.539772
3412,33.250437,31.537381
3413,33.26621,31.537419
3414,33.262588,31.539835
3415,33.259214,31.539709
3416,33.26159,31.540431
3417,33.262451,31.531986
3418,33.263722,31.543561
3419,33.265921,31.537888
3420,33.255701,31.543259
3421,33.261272,31.534468
3422,33.26554,31.536792
3423,33.257591,31.530942
3424,33.253542,31.539525
3425,33.256191,31.542649
3426,33.253116,31.538407
3427,33.260293,31.541204
3428,33.265684,31.535679
3429,33.257125,31.533117
3430,33.259063,31.535644
3431,33.256068,31.539781
3432,33.262781,31.540961
3433,33.259558,31.541023
3434,33.254123,31.542502
3435,33.25468,31.543066
3436,33.257675,31.53171
3437,33.254943,31.54368
3438,33.258517,31.537606
3439,33.252704,31.539429
3440,33.264265,31.539159
3441,33.266245,31.537016
3442,33.263044,31.538938
3443,33.251785,31.535543
3444,33.261605,31.539413
3445,33.261531,31.544951
3446,33.259243,31.541288
3447,33.252744,31.540477
3448,33.261738,31.536978
3449,33.257068,31.53456
3450,33.253492,31.533592
3451,33.26066,31.534562
3452,33.260825,31.541333
3453,33.258663,31.536059
3454,33.255972,31.536714
3455,33.263274,31.54377
3456,33.259441,31.544931
3457,33.251261,31.537873
3458,33.25947,31.542365
3459,33.257119,31.531348
3460,33.264015,31.532816
3461,33.252505,31.532992
3462,33.26019,31.542353
3463,33.253258,31.533246
3464,33.261492,31.543873
3465,33.263064,31.536541
3466,33.255119,31.532911
3467,33.255872,31.53496
3468,33.261133,31.545026
3469,33.258693,31.537287
3470,33.255598,31.532901
3471,33.260376,31.539711
3472,33.257056,31.539356
3473,33.26428,31.543245
3474,33.255159,31.53258
3475,33.256497,31.531917
3476,33.254072,31.537583
3477,33.263645,31.535951
3478,33.264066,31.536639
3479,33.259842,31.542542
3480,33.263357,31.543026
3481,33.257098,31.544689
3482,33.25438,31.532787
3483,33.258127,31.533641
3484,33.255379,31.534421
3485,33.253479,31.537086
3486,33.258007,31.544344
3487,33.263002,31.535682
3488,33.256736,31.531517
3489,33.265733,31.537274
3490,33.260097,31.532362
3491,33.252608,31.534487
3492,33.265236,31.540416
3493,33.250487,31.538015
3494,33.264795,31.541721
3495,33.261751,31.543161
3496,33.263306,31.538366
3497,33.252372,31.534843
3498,33.256104,31.536794
3499,33.265308,31.540992
3500,33.258989,31.536002
3501,33.256017,31.535896
3502,33.25557,31.538944
3503,33.25692,31.539276
3504,33.261682,31.536289
3505,33.262333,31.539707
3506,33.259864,31.535188
3507,33.259953,31.539045
3508,33.256856,31.536747
3509,33.260461,31.536753
3510,33.262006,31.53972
3511,33.260962,31.53636
3512,33.259776,31.539108
3513,33.260965,31.536004
3514,33.260975,31.538036
3515,33.25716,31.53926
3516,33.261132,31.538489
3517,33.257693,31.53968
3518,33.256495,31.539001
3519,33.261918,31.537973
3520,33.261216,31.538671
3521,33.261692,31.53765
3522,33.25789,31.539059
3523,33.256059,31.535829
3524,33.254929,31.536782
3525,33.259516,31.539042
3526,33.258471,31.536625
3527,33.262248,31.537809
3528,33.256312,31.537618
3529,33.259471,31.537573
3530,33.259166,31.539154
3531,33.257623,31.537299
3532,33.258823,31.53496
3533,33.257262,31.539758
3534,33.260657,31.540071
3535,33.260294,31.540166
3536,33.257269,31.540669
3537,33.256771,31.53497
3538,33.258652,31.535435
3539,33.25494,31.538461
3540,33.259456,31.53907
3541,33.257125,31.538876
3542,33.258824,31.537871
3543,33.256144,31.540464
3544,33.259856,31.538624
3545,33.256283,31.539013
3546,33.258337,31.535809
3547,33.258895,31.539328
3548,33.25747,31.540817
3549,33.260321,31.537546
3550,33.260314,31.540233
3551,33.258894,31.539736
3552,33.255469,31.537753
3553,33.261872,31.536776
3554,33.260427,31.536607
3555,33.260648,31.539564
3556,33.258517,31.536021
3557,33.255765,31.539202
3558,33.256949,31.536794
3559,33.2576,31.540032
3560,33.257136,31.54079
3561,33.255151,31.54004
3562,33.259154,31.53946
3563,33.261863,31.53809
3564,33.259206,31.535744
3565,33.261681,31.536918
3566,33.259732,31.538229
3567,33.258431,31.538094
3568,33.258846,31.535046
3569,33.261444,31.54063
3570,33.257782,31.535848
3571,33.25611,31.538502
3572,33.261833,31.536
3573,33.256784,31.535753
3574,33.257935,31.538695
3575,33.258272,31.53754
3576,33.256543,31.536575
3577,33.258809,31.538933
3578,33.256447,31.540933
3579,33.260045,31.541368
3580,33.256339,31.538946
3581,33.257504,31.541242
3582,33.261637,31.537915
3583,33.254771,31.536774
3584,33.259389,31.540469
3585,33.256007,31.537459
3586,33.260311,31.538488
3587,33.260589,31.540413
3588,33.259452,31.537206
3589,33.261718,31.537142
3590,33.257804,31.536334
3591,33.255616,31.537172
3592,33.258546,31.53827
3593,33.257828,31.535744
3594,33.256803,31.5361
3595,33.259905,31.534809
3596,33.260692,31.539574
3597,33.25973,31.534636
3598,33.256037,31.539456
3599,33.25571,31.536998
